Temperature - (Celsius),Year,Statistics,Country,ISO3,Month
27.0727,1901,Average,Samoa,WSM,1
26.6719,1901,Average,Samoa,WSM,2
26.7727,1901,Average,Samoa,WSM,3
27.3455,1901,Average,Samoa,WSM,4
26.7447,1901,Average,Samoa,WSM,5
25.6613,1901,Average,Samoa,WSM,6
25.8182,1901,Average,Samoa,WSM,7
25.3182,1901,Average,Samoa,WSM,8
25.9182,1901,Average,Samoa,WSM,9
25.7455,1901,Average,Samoa,WSM,10
26.5178,1901,Average,Samoa,WSM,11
27.0178,1901,Average,Samoa,WSM,12
26.6727,1902,Average,Samoa,WSM,1
27.0719,1902,Average,Samoa,WSM,2
26.9727,1902,Average,Samoa,WSM,3
26.7455,1902,Average,Samoa,WSM,4
26.6447,1902,Average,Samoa,WSM,5
25.5613,1902,Average,Samoa,WSM,6
25.7182,1902,Average,Samoa,WSM,7
25.2182,1902,Average,Samoa,WSM,8
25.6182,1902,Average,Samoa,WSM,9
26.1455,1902,Average,Samoa,WSM,10
27.0178,1902,Average,Samoa,WSM,11
27.2178,1902,Average,Samoa,WSM,12
25.8727,1903,Average,Samoa,WSM,1
26.6719,1903,Average,Samoa,WSM,2
27.1727,1903,Average,Samoa,WSM,3
26.6455,1903,Average,Samoa,WSM,4
26.3447,1903,Average,Samoa,WSM,5
26.2613,1903,Average,Samoa,WSM,6
25.4182,1903,Average,Samoa,WSM,7
25.8182,1903,Average,Samoa,WSM,8
25.4182,1903,Average,Samoa,WSM,9
25.9455,1903,Average,Samoa,WSM,10
25.9178,1903,Average,Samoa,WSM,11
26.1178,1903,Average,Samoa,WSM,12
25.4727,1904,Average,Samoa,WSM,1
25.9719,1904,Average,Samoa,WSM,2
25.9727,1904,Average,Samoa,WSM,3
26.0455,1904,Average,Samoa,WSM,4
25.9447,1904,Average,Samoa,WSM,5
25.6613,1904,Average,Samoa,WSM,6
24.9182,1904,Average,Samoa,WSM,7
25.0182,1904,Average,Samoa,WSM,8
25.5182,1904,Average,Samoa,WSM,9
26.2455,1904,Average,Samoa,WSM,10
26.7178,1904,Average,Samoa,WSM,11
27.0178,1904,Average,Samoa,WSM,12
26.6727,1905,Average,Samoa,WSM,1
27.1719,1905,Average,Samoa,WSM,2
26.8727,1905,Average,Samoa,WSM,3
26.5455,1905,Average,Samoa,WSM,4
25.7447,1905,Average,Samoa,WSM,5
25.1613,1905,Average,Samoa,WSM,6
25.0182,1905,Average,Samoa,WSM,7
24.8182,1905,Average,Samoa,WSM,8
25.2182,1905,Average,Samoa,WSM,9
25.9455,1905,Average,Samoa,WSM,10
26.1178,1905,Average,Samoa,WSM,11
26.2178,1905,Average,Samoa,WSM,12
27.5727,1906,Average,Samoa,WSM,1
27.2719,1906,Average,Samoa,WSM,2
27.2727,1906,Average,Samoa,WSM,3
27.2455,1906,Average,Samoa,WSM,4
26.3447,1906,Average,Samoa,WSM,5
25.7613,1906,Average,Samoa,WSM,6
25.3182,1906,Average,Samoa,WSM,7
25.6182,1906,Average,Samoa,WSM,8
26.0182,1906,Average,Samoa,WSM,9
26.0455,1906,Average,Samoa,WSM,10
26.0178,1906,Average,Samoa,WSM,11
26.5178,1906,Average,Samoa,WSM,12
26.2727,1907,Average,Samoa,WSM,1
26.5719,1907,Average,Samoa,WSM,2
26.1727,1907,Average,Samoa,WSM,3
26.2455,1907,Average,Samoa,WSM,4
25.6447,1907,Average,Samoa,WSM,5
26.4613,1907,Average,Samoa,WSM,6
25.4182,1907,Average,Samoa,WSM,7
24.6182,1907,Average,Samoa,WSM,8
25.5182,1907,Average,Samoa,WSM,9
26.2455,1907,Average,Samoa,WSM,10
26.0178,1907,Average,Samoa,WSM,11
26.4178,1907,Average,Samoa,WSM,12
26.2727,1908,Average,Samoa,WSM,1
26.2719,1908,Average,Samoa,WSM,2
26.2727,1908,Average,Samoa,WSM,3
26.4455,1908,Average,Samoa,WSM,4
26.1447,1908,Average,Samoa,WSM,5
26.4613,1908,Average,Samoa,WSM,6
24.6182,1908,Average,Samoa,WSM,7
25.9182,1908,Average,Samoa,WSM,8
25.1182,1908,Average,Samoa,WSM,9
25.8455,1908,Average,Samoa,WSM,10
25.9178,1908,Average,Samoa,WSM,11
26.5178,1908,Average,Samoa,WSM,12
25.5727,1909,Average,Samoa,WSM,1
26.0719,1909,Average,Samoa,WSM,2
26.2727,1909,Average,Samoa,WSM,3
25.6455,1909,Average,Samoa,WSM,4
25.5447,1909,Average,Samoa,WSM,5
25.5613,1909,Average,Samoa,WSM,6
24.8182,1909,Average,Samoa,WSM,7
25.9182,1909,Average,Samoa,WSM,8
25.7182,1909,Average,Samoa,WSM,9
25.9455,1909,Average,Samoa,WSM,10
25.9178,1909,Average,Samoa,WSM,11
25.9178,1909,Average,Samoa,WSM,12
26.0727,1910,Average,Samoa,WSM,1
26.1719,1910,Average,Samoa,WSM,2
25.9727,1910,Average,Samoa,WSM,3
26.1455,1910,Average,Samoa,WSM,4
25.8447,1910,Average,Samoa,WSM,5
25.0613,1910,Average,Samoa,WSM,6
25.5182,1910,Average,Samoa,WSM,7
25.8182,1910,Average,Samoa,WSM,8
25.8182,1910,Average,Samoa,WSM,9
25.4455,1910,Average,Samoa,WSM,10
26.0178,1910,Average,Samoa,WSM,11
26.2178,1910,Average,Samoa,WSM,12
26.2727,1911,Average,Samoa,WSM,1
27.1719,1911,Average,Samoa,WSM,2
26.5727,1911,Average,Samoa,WSM,3
26.7455,1911,Average,Samoa,WSM,4
26.0447,1911,Average,Samoa,WSM,5
25.8613,1911,Average,Samoa,WSM,6
25.3182,1911,Average,Samoa,WSM,7
26.1182,1911,Average,Samoa,WSM,8
25.9182,1911,Average,Samoa,WSM,9
26.4455,1911,Average,Samoa,WSM,10
26.6178,1911,Average,Samoa,WSM,11
27.9178,1911,Average,Samoa,WSM,12
28.1727,1912,Average,Samoa,WSM,1
27.4719,1912,Average,Samoa,WSM,2
27.6727,1912,Average,Samoa,WSM,3
27.1455,1912,Average,Samoa,WSM,4
26.8447,1912,Average,Samoa,WSM,5
26.1613,1912,Average,Samoa,WSM,6
25.7182,1912,Average,Samoa,WSM,7
25.9182,1912,Average,Samoa,WSM,8
26.2182,1912,Average,Samoa,WSM,9
26.3455,1912,Average,Samoa,WSM,10
26.8178,1912,Average,Samoa,WSM,11
27.1178,1912,Average,Samoa,WSM,12
26.8727,1913,Average,Samoa,WSM,1
26.5719,1913,Average,Samoa,WSM,2
27.2727,1913,Average,Samoa,WSM,3
27.1455,1913,Average,Samoa,WSM,4
26.4447,1913,Average,Samoa,WSM,5
26.5613,1913,Average,Samoa,WSM,6
26.1182,1913,Average,Samoa,WSM,7
26.2182,1913,Average,Samoa,WSM,8
26.7182,1913,Average,Samoa,WSM,9
26.1455,1913,Average,Samoa,WSM,10
26.7178,1913,Average,Samoa,WSM,11
26.7178,1913,Average,Samoa,WSM,12
27.1727,1914,Average,Samoa,WSM,1
27.8719,1914,Average,Samoa,WSM,2
27.5727,1914,Average,Samoa,WSM,3
27.5455,1914,Average,Samoa,WSM,4
27.6447,1914,Average,Samoa,WSM,5
26.7613,1914,Average,Samoa,WSM,6
25.6182,1914,Average,Samoa,WSM,7
26.1182,1914,Average,Samoa,WSM,8
26.2182,1914,Average,Samoa,WSM,9
26.4455,1914,Average,Samoa,WSM,10
26.5178,1914,Average,Samoa,WSM,11
27.0178,1914,Average,Samoa,WSM,12
27.0727,1915,Average,Samoa,WSM,1
26.9719,1915,Average,Samoa,WSM,2
27.4727,1915,Average,Samoa,WSM,3
27.0455,1915,Average,Samoa,WSM,4
26.3447,1915,Average,Samoa,WSM,5
25.8613,1915,Average,Samoa,WSM,6
24.6182,1915,Average,Samoa,WSM,7
25.3182,1915,Average,Samoa,WSM,8
26.1182,1915,Average,Samoa,WSM,9
26.3455,1915,Average,Samoa,WSM,10
26.0178,1915,Average,Samoa,WSM,11
26.2178,1915,Average,Samoa,WSM,12
26.3727,1916,Average,Samoa,WSM,1
26.4719,1916,Average,Samoa,WSM,2
26.3727,1916,Average,Samoa,WSM,3
26.1455,1916,Average,Samoa,WSM,4
25.7447,1916,Average,Samoa,WSM,5
25.5613,1916,Average,Samoa,WSM,6
25.7182,1916,Average,Samoa,WSM,7
26.1182,1916,Average,Samoa,WSM,8
25.8182,1916,Average,Samoa,WSM,9
25.8455,1916,Average,Samoa,WSM,10
25.8178,1916,Average,Samoa,WSM,11
26.2178,1916,Average,Samoa,WSM,12
25.7727,1917,Average,Samoa,WSM,1
25.8719,1917,Average,Samoa,WSM,2
27.3727,1917,Average,Samoa,WSM,3
25.4455,1917,Average,Samoa,WSM,4
25.4447,1917,Average,Samoa,WSM,5
25.4613,1917,Average,Samoa,WSM,6
25.5182,1917,Average,Samoa,WSM,7
25.0182,1917,Average,Samoa,WSM,8
25.5182,1917,Average,Samoa,WSM,9
26.5455,1917,Average,Samoa,WSM,10
25.7178,1917,Average,Samoa,WSM,11
27.0178,1917,Average,Samoa,WSM,12
25.8727,1918,Average,Samoa,WSM,1
25.8719,1918,Average,Samoa,WSM,2
26.1727,1918,Average,Samoa,WSM,3
25.9455,1918,Average,Samoa,WSM,4
26.2447,1918,Average,Samoa,WSM,5
26.2613,1918,Average,Samoa,WSM,6
25.2182,1918,Average,Samoa,WSM,7
25.4182,1918,Average,Samoa,WSM,8
25.8182,1918,Average,Samoa,WSM,9
26.4455,1918,Average,Samoa,WSM,10
26.9178,1918,Average,Samoa,WSM,11
26.8178,1918,Average,Samoa,WSM,12
26.5727,1919,Average,Samoa,WSM,1
27.2719,1919,Average,Samoa,WSM,2
27.3727,1919,Average,Samoa,WSM,3
27.3455,1919,Average,Samoa,WSM,4
26.5447,1919,Average,Samoa,WSM,5
26.0613,1919,Average,Samoa,WSM,6
25.9182,1919,Average,Samoa,WSM,7
25.7182,1919,Average,Samoa,WSM,8
27.0182,1919,Average,Samoa,WSM,9
27.1455,1919,Average,Samoa,WSM,10
27.5178,1919,Average,Samoa,WSM,11
27.7178,1919,Average,Samoa,WSM,12
27.7727,1920,Average,Samoa,WSM,1
27.2719,1920,Average,Samoa,WSM,2
27.1727,1920,Average,Samoa,WSM,3
27.3455,1920,Average,Samoa,WSM,4
27.1447,1920,Average,Samoa,WSM,5
26.0613,1920,Average,Samoa,WSM,6
26.5182,1920,Average,Samoa,WSM,7
25.8182,1920,Average,Samoa,WSM,8
27.0182,1920,Average,Samoa,WSM,9
26.1455,1920,Average,Samoa,WSM,10
26.6178,1920,Average,Samoa,WSM,11
26.7178,1920,Average,Samoa,WSM,12
26.8727,1921,Average,Samoa,WSM,1
27.2719,1921,Average,Samoa,WSM,2
27.1727,1921,Average,Samoa,WSM,3
26.7455,1921,Average,Samoa,WSM,4
25.7447,1921,Average,Samoa,WSM,5
25.6613,1921,Average,Samoa,WSM,6
25.8182,1921,Average,Samoa,WSM,7
26.3182,1921,Average,Samoa,WSM,8
26.2182,1921,Average,Samoa,WSM,9
26.6455,1921,Average,Samoa,WSM,10
26.8178,1921,Average,Samoa,WSM,11
26.5178,1921,Average,Samoa,WSM,12
27.0727,1922,Average,Samoa,WSM,1
26.7719,1922,Average,Samoa,WSM,2
27.2727,1922,Average,Samoa,WSM,3
27.6455,1922,Average,Samoa,WSM,4
26.7447,1922,Average,Samoa,WSM,5
26.7613,1922,Average,Samoa,WSM,6
25.5182,1922,Average,Samoa,WSM,7
26.4182,1922,Average,Samoa,WSM,8
26.4182,1922,Average,Samoa,WSM,9
26.0455,1922,Average,Samoa,WSM,10
26.3178,1922,Average,Samoa,WSM,11
26.5178,1922,Average,Samoa,WSM,12
27.4727,1923,Average,Samoa,WSM,1
27.1719,1923,Average,Samoa,WSM,2
26.8727,1923,Average,Samoa,WSM,3
26.8455,1923,Average,Samoa,WSM,4
26.5447,1923,Average,Samoa,WSM,5
25.6613,1923,Average,Samoa,WSM,6
25.8182,1923,Average,Samoa,WSM,7
25.6182,1923,Average,Samoa,WSM,8
25.7182,1923,Average,Samoa,WSM,9
25.7455,1923,Average,Samoa,WSM,10
25.8178,1923,Average,Samoa,WSM,11
26.3178,1923,Average,Samoa,WSM,12
26.6727,1924,Average,Samoa,WSM,1
26.7719,1924,Average,Samoa,WSM,2
27.3727,1924,Average,Samoa,WSM,3
26.7455,1924,Average,Samoa,WSM,4
27.1447,1924,Average,Samoa,WSM,5
26.6613,1924,Average,Samoa,WSM,6
26.1182,1924,Average,Samoa,WSM,7
26.2182,1924,Average,Samoa,WSM,8
26.1182,1924,Average,Samoa,WSM,9
26.9455,1924,Average,Samoa,WSM,10
26.4178,1924,Average,Samoa,WSM,11
26.3178,1924,Average,Samoa,WSM,12
26.6727,1925,Average,Samoa,WSM,1
26.9719,1925,Average,Samoa,WSM,2
26.5727,1925,Average,Samoa,WSM,3
27.1455,1925,Average,Samoa,WSM,4
25.8447,1925,Average,Samoa,WSM,5
25.9613,1925,Average,Samoa,WSM,6
25.5182,1925,Average,Samoa,WSM,7
26.3182,1925,Average,Samoa,WSM,8
26.5182,1925,Average,Samoa,WSM,9
26.5455,1925,Average,Samoa,WSM,10
26.7178,1925,Average,Samoa,WSM,11
26.6178,1925,Average,Samoa,WSM,12
27.3727,1926,Average,Samoa,WSM,1
27.6719,1926,Average,Samoa,WSM,2
27.2727,1926,Average,Samoa,WSM,3
26.9455,1926,Average,Samoa,WSM,4
27.0447,1926,Average,Samoa,WSM,5
26.6613,1926,Average,Samoa,WSM,6
26.1182,1926,Average,Samoa,WSM,7
26.4182,1926,Average,Samoa,WSM,8
26.7182,1926,Average,Samoa,WSM,9
26.3455,1926,Average,Samoa,WSM,10
26.7178,1926,Average,Samoa,WSM,11
26.8178,1926,Average,Samoa,WSM,12
26.7727,1927,Average,Samoa,WSM,1
26.5719,1927,Average,Samoa,WSM,2
26.9727,1927,Average,Samoa,WSM,3
27.1455,1927,Average,Samoa,WSM,4
27.0447,1927,Average,Samoa,WSM,5
26.8613,1927,Average,Samoa,WSM,6
26.5182,1927,Average,Samoa,WSM,7
26.8182,1927,Average,Samoa,WSM,8
26.7182,1927,Average,Samoa,WSM,9
26.7455,1927,Average,Samoa,WSM,10
27.1178,1927,Average,Samoa,WSM,11
27.1178,1927,Average,Samoa,WSM,12
27.1727,1928,Average,Samoa,WSM,1
27.5719,1928,Average,Samoa,WSM,2
27.6727,1928,Average,Samoa,WSM,3
27.4455,1928,Average,Samoa,WSM,4
26.6447,1928,Average,Samoa,WSM,5
25.8613,1928,Average,Samoa,WSM,6
25.4182,1928,Average,Samoa,WSM,7
26.1182,1928,Average,Samoa,WSM,8
26.4182,1928,Average,Samoa,WSM,9
26.4455,1928,Average,Samoa,WSM,10
26.6178,1928,Average,Samoa,WSM,11
27.3178,1928,Average,Samoa,WSM,12
26.9727,1929,Average,Samoa,WSM,1
26.7719,1929,Average,Samoa,WSM,2
26.7727,1929,Average,Samoa,WSM,3
27.5455,1929,Average,Samoa,WSM,4
26.7447,1929,Average,Samoa,WSM,5
26.5613,1929,Average,Samoa,WSM,6
25.9182,1929,Average,Samoa,WSM,7
25.9182,1929,Average,Samoa,WSM,8
26.0182,1929,Average,Samoa,WSM,9
26.6455,1929,Average,Samoa,WSM,10
27.1178,1929,Average,Samoa,WSM,11
27.2178,1929,Average,Samoa,WSM,12
27.8727,1930,Average,Samoa,WSM,1
27.0719,1930,Average,Samoa,WSM,2
27.3727,1930,Average,Samoa,WSM,3
27.0455,1930,Average,Samoa,WSM,4
27.1447,1930,Average,Samoa,WSM,5
26.0613,1930,Average,Samoa,WSM,6
25.8182,1930,Average,Samoa,WSM,7
25.8182,1930,Average,Samoa,WSM,8
26.0182,1930,Average,Samoa,WSM,9
26.6455,1930,Average,Samoa,WSM,10
27.2178,1930,Average,Samoa,WSM,11
26.9178,1930,Average,Samoa,WSM,12
27.0727,1931,Average,Samoa,WSM,1
27.1719,1931,Average,Samoa,WSM,2
27.2727,1931,Average,Samoa,WSM,3
26.9455,1931,Average,Samoa,WSM,4
26.5447,1931,Average,Samoa,WSM,5
25.7613,1931,Average,Samoa,WSM,6
25.9182,1931,Average,Samoa,WSM,7
26.0182,1931,Average,Samoa,WSM,8
26.2182,1931,Average,Samoa,WSM,9
25.9455,1931,Average,Samoa,WSM,10
26.3178,1931,Average,Samoa,WSM,11
26.1178,1931,Average,Samoa,WSM,12
26.8727,1932,Average,Samoa,WSM,1
26.8719,1932,Average,Samoa,WSM,2
26.8727,1932,Average,Samoa,WSM,3
26.6455,1932,Average,Samoa,WSM,4
27.2447,1932,Average,Samoa,WSM,5
25.8613,1932,Average,Samoa,WSM,6
26.4182,1932,Average,Samoa,WSM,7
26.0182,1932,Average,Samoa,WSM,8
26.0182,1932,Average,Samoa,WSM,9
26.5455,1932,Average,Samoa,WSM,10
26.7344,1932,Average,Samoa,WSM,11
27.0178,1932,Average,Samoa,WSM,12
26.6727,1933,Average,Samoa,WSM,1
26.8885,1933,Average,Samoa,WSM,2
26.3893,1933,Average,Samoa,WSM,3
26.6455,1933,Average,Samoa,WSM,4
26.7447,1933,Average,Samoa,WSM,5
26.2613,1933,Average,Samoa,WSM,6
25.3348,1933,Average,Samoa,WSM,7
25.5348,1933,Average,Samoa,WSM,8
25.6641,1933,Average,Samoa,WSM,9
25.8913,1933,Average,Samoa,WSM,10
26.2636,1933,Average,Samoa,WSM,11
25.7901,1933,Average,Samoa,WSM,12
26.5893,1934,Average,Samoa,WSM,1
26.7442,1934,Average,Samoa,WSM,2
26.2727,1934,Average,Samoa,WSM,3
26.3913,1934,Average,Samoa,WSM,4
26.3447,1934,Average,Samoa,WSM,5
26.1613,1934,Average,Samoa,WSM,6
25.9182,1934,Average,Samoa,WSM,7
25.6348,1934,Average,Samoa,WSM,8
26.0348,1934,Average,Samoa,WSM,9
26.0913,1934,Average,Samoa,WSM,10
26.5901,1934,Average,Samoa,WSM,11
26.5178,1934,Average,Samoa,WSM,12
26.2727,1935,Average,Samoa,WSM,1
27.0719,1935,Average,Samoa,WSM,2
27.0185,1935,Average,Samoa,WSM,3
26.8455,1935,Average,Samoa,WSM,4
26.3447,1935,Average,Samoa,WSM,5
26.1613,1935,Average,Samoa,WSM,6
26.3182,1935,Average,Samoa,WSM,7
25.7182,1935,Average,Samoa,WSM,8
26.5348,1935,Average,Samoa,WSM,9
27.1455,1935,Average,Samoa,WSM,10
26.7636,1935,Average,Samoa,WSM,11
26.4636,1935,Average,Samoa,WSM,12
27.0185,1936,Average,Samoa,WSM,1
27.2178,1936,Average,Samoa,WSM,2
26.945,1936,Average,Samoa,WSM,3
27.3621,1936,Average,Samoa,WSM,4
26.8905,1936,Average,Samoa,WSM,5
25.9613,1936,Average,Samoa,WSM,6
25.9182,1936,Average,Samoa,WSM,7
25.1182,1936,Average,Samoa,WSM,8
25.8182,1936,Average,Samoa,WSM,9
26.2621,1936,Average,Samoa,WSM,10
26.2636,1936,Average,Samoa,WSM,11
26.6636,1936,Average,Samoa,WSM,12
27.1185,1937,Average,Samoa,WSM,1
27.1719,1937,Average,Samoa,WSM,2
26.745,1937,Average,Samoa,WSM,3
27.1455,1937,Average,Samoa,WSM,4
26.3613,1937,Average,Samoa,WSM,5
26.1613,1937,Average,Samoa,WSM,6
26.2182,1937,Average,Samoa,WSM,7
26.0182,1937,Average,Samoa,WSM,8
25.9182,1937,Average,Samoa,WSM,9
26.3913,1937,Average,Samoa,WSM,10
26.7178,1937,Average,Samoa,WSM,11
26.7178,1937,Average,Samoa,WSM,12
27.0727,1938,Average,Samoa,WSM,1
26.6885,1938,Average,Samoa,WSM,2
26.5727,1938,Average,Samoa,WSM,3
26.5455,1938,Average,Samoa,WSM,4
26.1613,1938,Average,Samoa,WSM,5
26.2613,1938,Average,Samoa,WSM,6
26.6182,1938,Average,Samoa,WSM,7
26.0182,1938,Average,Samoa,WSM,8
26.2348,1938,Average,Samoa,WSM,9
26.1455,1938,Average,Samoa,WSM,10
25.7636,1938,Average,Samoa,WSM,11
26.6178,1938,Average,Samoa,WSM,12
26.0185,1939,Average,Samoa,WSM,1
26.6885,1939,Average,Samoa,WSM,2
26.345,1939,Average,Samoa,WSM,3
26.5455,1939,Average,Samoa,WSM,4
26.3447,1939,Average,Samoa,WSM,5
25.6613,1939,Average,Samoa,WSM,6
25.7182,1939,Average,Samoa,WSM,7
26.1182,1939,Average,Samoa,WSM,8
25.7182,1939,Average,Samoa,WSM,9
26.3621,1939,Average,Samoa,WSM,10
26.9344,1939,Average,Samoa,WSM,11
26.5636,1939,Average,Samoa,WSM,12
27.3727,1940,Average,Samoa,WSM,1
27.5885,1940,Average,Samoa,WSM,2
27.4727,1940,Average,Samoa,WSM,3
27.4455,1940,Average,Samoa,WSM,4
27.1447,1940,Average,Samoa,WSM,5
26.5613,1940,Average,Samoa,WSM,6
25.2182,1940,Average,Samoa,WSM,7
25.8182,1940,Average,Samoa,WSM,8
26.3182,1940,Average,Samoa,WSM,9
26.3455,1940,Average,Samoa,WSM,10
26.7344,1940,Average,Samoa,WSM,11
26.9178,1940,Average,Samoa,WSM,12
27.3727,1941,Average,Samoa,WSM,1
27.6719,1941,Average,Samoa,WSM,2
27.3727,1941,Average,Samoa,WSM,3
28.1455,1941,Average,Samoa,WSM,4
27.4447,1941,Average,Samoa,WSM,5
27.0613,1941,Average,Samoa,WSM,6
25.9182,1941,Average,Samoa,WSM,7
26.2182,1941,Average,Samoa,WSM,8
26.2348,1941,Average,Samoa,WSM,9
26.2455,1941,Average,Samoa,WSM,10
27.1178,1941,Average,Samoa,WSM,11
27.3178,1941,Average,Samoa,WSM,12
27.6727,1942,Average,Samoa,WSM,1
27.6719,1942,Average,Samoa,WSM,2
27.2727,1942,Average,Samoa,WSM,3
26.8913,1942,Average,Samoa,WSM,4
26.9447,1942,Average,Samoa,WSM,5
26.8613,1942,Average,Samoa,WSM,6
25.7182,1942,Average,Samoa,WSM,7
26.2182,1942,Average,Samoa,WSM,8
26.1182,1942,Average,Samoa,WSM,9
26.1913,1942,Average,Samoa,WSM,10
26.4178,1942,Average,Samoa,WSM,11
26.5178,1942,Average,Samoa,WSM,12
27.0727,1943,Average,Samoa,WSM,1
26.8719,1943,Average,Samoa,WSM,2
27.0458,1943,Average,Samoa,WSM,3
27.1455,1943,Average,Samoa,WSM,4
26.7447,1943,Average,Samoa,WSM,5
25.9613,1943,Average,Samoa,WSM,6
25.7182,1943,Average,Samoa,WSM,7
26.0182,1943,Average,Samoa,WSM,8
26.2641,1943,Average,Samoa,WSM,9
26.4913,1943,Average,Samoa,WSM,10
27.0344,1943,Average,Samoa,WSM,11
26.6636,1943,Average,Samoa,WSM,12
26.9727,1944,Average,Samoa,WSM,1
26.6719,1944,Average,Samoa,WSM,2
27.2727,1944,Average,Samoa,WSM,3
27.1455,1944,Average,Samoa,WSM,4
26.8447,1944,Average,Samoa,WSM,5
26.4613,1944,Average,Samoa,WSM,6
25.8182,1944,Average,Samoa,WSM,7
26.1182,1944,Average,Samoa,WSM,8
26.5182,1944,Average,Samoa,WSM,9
26.0455,1944,Average,Samoa,WSM,10
26.3178,1944,Average,Samoa,WSM,11
26.8178,1944,Average,Samoa,WSM,12
26.9727,1945,Average,Samoa,WSM,1
27.145,1945,Average,Samoa,WSM,2
27.3458,1945,Average,Samoa,WSM,3
27.1455,1945,Average,Samoa,WSM,4
26.1447,1945,Average,Samoa,WSM,5
26.1613,1945,Average,Samoa,WSM,6
26.2182,1945,Average,Samoa,WSM,7
25.9182,1945,Average,Samoa,WSM,8
26.1182,1945,Average,Samoa,WSM,9
26.4455,1945,Average,Samoa,WSM,10
26.4178,1945,Average,Samoa,WSM,11
27.2178,1945,Average,Samoa,WSM,12
26.745,1946,Average,Samoa,WSM,1
26.7719,1946,Average,Samoa,WSM,2
27.1727,1946,Average,Samoa,WSM,3
27.4455,1946,Average,Samoa,WSM,4
26.7447,1946,Average,Samoa,WSM,5
26.6613,1946,Average,Samoa,WSM,6
25.5182,1946,Average,Samoa,WSM,7
26.3182,1946,Average,Samoa,WSM,8
26.3182,1946,Average,Samoa,WSM,9
26.7455,1946,Average,Samoa,WSM,10
27.1178,1946,Average,Samoa,WSM,11
27.0636,1946,Average,Samoa,WSM,12
27.5458,1947,Average,Samoa,WSM,1
27.6719,1947,Average,Samoa,WSM,2
27.3727,1947,Average,Samoa,WSM,3
27.7178,1947,Average,Samoa,WSM,4
27.0447,1947,Average,Samoa,WSM,5
26.6613,1947,Average,Samoa,WSM,6
26.9182,1947,Average,Samoa,WSM,7
26.2182,1947,Average,Samoa,WSM,8
26.8182,1947,Average,Samoa,WSM,9
26.4885,1947,Average,Samoa,WSM,10
26.6178,1947,Average,Samoa,WSM,11
26.7344,1947,Average,Samoa,WSM,12
27.2727,1948,Average,Samoa,WSM,1
26.8719,1948,Average,Samoa,WSM,2
27.4727,1948,Average,Samoa,WSM,3
27.2455,1948,Average,Samoa,WSM,4
26.8447,1948,Average,Samoa,WSM,5
26.8155,1948,Average,Samoa,WSM,6
25.9182,1948,Average,Samoa,WSM,7
25.9182,1948,Average,Samoa,WSM,8
26.2182,1948,Average,Samoa,WSM,9
26.4455,1948,Average,Samoa,WSM,10
26.8178,1948,Average,Samoa,WSM,11
26.5178,1948,Average,Samoa,WSM,12
27.1893,1949,Average,Samoa,WSM,1
27.0719,1949,Average,Samoa,WSM,2
27.0185,1949,Average,Samoa,WSM,3
28.0455,1949,Average,Samoa,WSM,4
26.9447,1949,Average,Samoa,WSM,5
26.5613,1949,Average,Samoa,WSM,6
25.9182,1949,Average,Samoa,WSM,7
26.4182,1949,Average,Samoa,WSM,8
26.819000000000003,1949,Average,Samoa,WSM,9
26.2455,1949,Average,Samoa,WSM,10
26.9178,1949,Average,Samoa,WSM,11
26.3636,1949,Average,Samoa,WSM,12
26.8455,1950,Average,Samoa,WSM,1
26.8885,1950,Average,Samoa,WSM,2
26.4185,1950,Average,Samoa,WSM,3
27.2455,1950,Average,Samoa,WSM,4
26.4905,1950,Average,Samoa,WSM,5
26.3779,1950,Average,Samoa,WSM,6
26.0182,1950,Average,Samoa,WSM,7
26.2348,1950,Average,Samoa,WSM,8
26.1348,1950,Average,Samoa,WSM,9
26.6455,1950,Average,Samoa,WSM,10
27.0178,1950,Average,Samoa,WSM,11
26.4908,1950,Average,Samoa,WSM,12
26.945,1951,Average,Samoa,WSM,1
27.5178,1951,Average,Samoa,WSM,2
27.4727,1951,Average,Samoa,WSM,3
27.8455,1951,Average,Samoa,WSM,4
27.0447,1951,Average,Samoa,WSM,5
26.8341,1951,Average,Samoa,WSM,6
25.6182,1951,Average,Samoa,WSM,7
25.7641,1951,Average,Samoa,WSM,8
26.2182,1951,Average,Samoa,WSM,9
26.2621,1951,Average,Samoa,WSM,10
26.9178,1951,Average,Samoa,WSM,11
27.4178,1951,Average,Samoa,WSM,12
27.6727,1952,Average,Samoa,WSM,1
27.7719,1952,Average,Samoa,WSM,2
27.7727,1952,Average,Samoa,WSM,3
27.1455,1952,Average,Samoa,WSM,4
27.4178,1952,Average,Samoa,WSM,5
27.2155,1952,Average,Samoa,WSM,6
26.6356,1952,Average,Samoa,WSM,7
26.3182,1952,Average,Samoa,WSM,8
26.4182,1952,Average,Samoa,WSM,9
26.1913,1952,Average,Samoa,WSM,10
27.1178,1952,Average,Samoa,WSM,11
27.4178,1952,Average,Samoa,WSM,12
27.7719,1953,Average,Samoa,WSM,1
27.6447,1953,Average,Samoa,WSM,2
28.0727,1953,Average,Samoa,WSM,3
28.2455,1953,Average,Samoa,WSM,4
27.0447,1953,Average,Samoa,WSM,5
26.8613,1953,Average,Samoa,WSM,6
26.3648,1953,Average,Samoa,WSM,7
25.4913,1953,Average,Samoa,WSM,8
25.7182,1953,Average,Samoa,WSM,9
26.8455,1953,Average,Samoa,WSM,10
26.9344,1953,Average,Samoa,WSM,11
27.3178,1953,Average,Samoa,WSM,12
27.4727,1954,Average,Samoa,WSM,1
27.3719,1954,Average,Samoa,WSM,2
26.8727,1954,Average,Samoa,WSM,3
27.3913,1954,Average,Samoa,WSM,4
27.2447,1954,Average,Samoa,WSM,5
26.5344,1954,Average,Samoa,WSM,6
26.2913,1954,Average,Samoa,WSM,7
26.3182,1954,Average,Samoa,WSM,8
26.819000000000003,1954,Average,Samoa,WSM,9
26.3727,1954,Average,Samoa,WSM,10
26.3344,1954,Average,Samoa,WSM,11
26.945,1954,Average,Samoa,WSM,12
27.0727,1955,Average,Samoa,WSM,1
27.0719,1955,Average,Samoa,WSM,2
26.4727,1955,Average,Samoa,WSM,3
27.0455,1955,Average,Samoa,WSM,4
26.8447,1955,Average,Samoa,WSM,5
26.3613,1955,Average,Samoa,WSM,6
26.3182,1955,Average,Samoa,WSM,7
26.2182,1955,Average,Samoa,WSM,8
26.1913,1955,Average,Samoa,WSM,9
26.4455,1955,Average,Samoa,WSM,10
26.5344,1955,Average,Samoa,WSM,11
26.4901,1955,Average,Samoa,WSM,12
26.5185,1956,Average,Samoa,WSM,1
26.3178,1956,Average,Samoa,WSM,2
27.0727,1956,Average,Samoa,WSM,3
27.2455,1956,Average,Samoa,WSM,4
26.7613,1956,Average,Samoa,WSM,5
26.0613,1956,Average,Samoa,WSM,6
25.7182,1956,Average,Samoa,WSM,7
26.1182,1956,Average,Samoa,WSM,8
26.0913,1956,Average,Samoa,WSM,9
26.5621,1956,Average,Samoa,WSM,10
26.7178,1956,Average,Samoa,WSM,11
26.8344,1956,Average,Samoa,WSM,12
26.9893,1957,Average,Samoa,WSM,1
27.0719,1957,Average,Samoa,WSM,2
26.9727,1957,Average,Samoa,WSM,3
27.3455,1957,Average,Samoa,WSM,4
27.1447,1957,Average,Samoa,WSM,5
26.8613,1957,Average,Samoa,WSM,6
25.8182,1957,Average,Samoa,WSM,7
25.9641,1957,Average,Samoa,WSM,8
26.6182,1957,Average,Samoa,WSM,9
26.5621,1957,Average,Samoa,WSM,10
27.2455,1957,Average,Samoa,WSM,11
27.1344,1957,Average,Samoa,WSM,12
27.6893,1958,Average,Samoa,WSM,1
27.8178,1958,Average,Samoa,WSM,2
27.9185,1958,Average,Samoa,WSM,3
28.1724,1958,Average,Samoa,WSM,4
27.2613,1958,Average,Samoa,WSM,5
26.3613,1958,Average,Samoa,WSM,6
25.9182,1958,Average,Samoa,WSM,7
26.1182,1958,Average,Samoa,WSM,8
26.3348,1958,Average,Samoa,WSM,9
26.8455,1958,Average,Samoa,WSM,10
27.0905,1958,Average,Samoa,WSM,11
27.0905,1958,Average,Samoa,WSM,12
27.4185,1959,Average,Samoa,WSM,1
27.8719,1959,Average,Samoa,WSM,2
27.7727,1959,Average,Samoa,WSM,3
28.2182,1959,Average,Samoa,WSM,4
27.7447,1959,Average,Samoa,WSM,5
26.9613,1959,Average,Samoa,WSM,6
26.8182,1959,Average,Samoa,WSM,7
26.3641,1959,Average,Samoa,WSM,8
26.4182,1959,Average,Samoa,WSM,9
26.9455,1959,Average,Samoa,WSM,10
26.9185,1959,Average,Samoa,WSM,11
26.6719,1959,Average,Samoa,WSM,12
27.2352,1960,Average,Samoa,WSM,1
27.017,1960,Average,Samoa,WSM,2
27.2178,1960,Average,Samoa,WSM,3
27.8905,1960,Average,Samoa,WSM,4
27.2897,1960,Average,Samoa,WSM,5
26.6771,1960,Average,Samoa,WSM,6
26.0625,1960,Average,Samoa,WSM,7
26.136,1960,Average,Samoa,WSM,8
26.4791,1960,Average,Samoa,WSM,9
26.3897,1960,Average,Samoa,WSM,10
27.3636,1960,Average,Samoa,WSM,11
27.2447,1960,Average,Samoa,WSM,12
27.4185,1961,Average,Samoa,WSM,1
27.4719,1961,Average,Samoa,WSM,2
26.8735,1961,Average,Samoa,WSM,3
27.6613,1961,Average,Samoa,WSM,4
27.1514,1961,Average,Samoa,WSM,5
26.3791,1961,Average,Samoa,WSM,6
26.0791,1961,Average,Samoa,WSM,7
26.0633,1961,Average,Samoa,WSM,8
26.4091,1961,Average,Samoa,WSM,9
26.0621,1961,Average,Samoa,WSM,10
26.4087,1961,Average,Samoa,WSM,11
26.9356,1961,Average,Samoa,WSM,12
27.0719,1962,Average,Samoa,WSM,1
27.1719,1962,Average,Samoa,WSM,2
27.3185,1962,Average,Samoa,WSM,3
27.5913,1962,Average,Samoa,WSM,4
26.8897,1962,Average,Samoa,WSM,5
26.4071,1962,Average,Samoa,WSM,6
26.1633,1962,Average,Samoa,WSM,7
25.8633,1962,Average,Samoa,WSM,8
26.2799,1962,Average,Samoa,WSM,9
26.2905,1962,Average,Samoa,WSM,10
26.6087,1962,Average,Samoa,WSM,11
26.8636,1962,Average,Samoa,WSM,12
27.0885,1963,Average,Samoa,WSM,1
27.3712,1963,Average,Samoa,WSM,2
27.1885,1963,Average,Samoa,WSM,3
27.3905,1963,Average,Samoa,WSM,4
26.9897,1963,Average,Samoa,WSM,5
26.4064,1963,Average,Samoa,WSM,6
26.3091,1963,Average,Samoa,WSM,7
26.1633,1963,Average,Samoa,WSM,8
26.3807,1963,Average,Samoa,WSM,9
26.5633,1963,Average,Samoa,WSM,10
26.7731,1963,Average,Samoa,WSM,11
27.2794,1963,Average,Samoa,WSM,12
27.4719,1964,Average,Samoa,WSM,1
27.616999999999997,1964,Average,Samoa,WSM,2
27.4613,1964,Average,Samoa,WSM,3
27.3905,1964,Average,Samoa,WSM,4
26.5905,1964,Average,Samoa,WSM,5
26.3341,1964,Average,Samoa,WSM,6
25.8633,1964,Average,Samoa,WSM,7
25.9799,1964,Average,Samoa,WSM,8
25.9807,1964,Average,Samoa,WSM,9
26.1905,1964,Average,Samoa,WSM,10
26.4628,1964,Average,Samoa,WSM,11
26.5178,1964,Average,Samoa,WSM,12
26.7727,1965,Average,Samoa,WSM,1
26.816999999999997,1965,Average,Samoa,WSM,2
27.1727,1965,Average,Samoa,WSM,3
27.0462,1965,Average,Samoa,WSM,4
26.7174,1965,Average,Samoa,WSM,5
26.0613,1965,Average,Samoa,WSM,6
25.7633,1965,Average,Samoa,WSM,7
25.6451,1965,Average,Samoa,WSM,8
26.1182,1965,Average,Samoa,WSM,9
26.0455,1965,Average,Samoa,WSM,10
26.4905,1965,Average,Samoa,WSM,11
26.9064,1965,Average,Samoa,WSM,12
27.2905,1966,Average,Samoa,WSM,1
27.2719,1966,Average,Samoa,WSM,2
27.4178,1966,Average,Samoa,WSM,3
27.5462,1966,Average,Samoa,WSM,4
27.0897,1966,Average,Samoa,WSM,5
26.4613,1966,Average,Samoa,WSM,6
26.0732,1966,Average,Samoa,WSM,7
25.7182,1966,Average,Samoa,WSM,8
26.1641,1966,Average,Samoa,WSM,9
26.4455,1966,Average,Samoa,WSM,10
26.9019,1966,Average,Samoa,WSM,11
26.8178,1966,Average,Samoa,WSM,12
26.9727,1967,Average,Samoa,WSM,1
26.8178,1967,Average,Samoa,WSM,2
27.4727,1967,Average,Samoa,WSM,3
26.8996,1967,Average,Samoa,WSM,4
26.4905,1967,Average,Samoa,WSM,5
25.9064,1967,Average,Samoa,WSM,6
25.491,1967,Average,Samoa,WSM,7
25.3641,1967,Average,Samoa,WSM,8
26.4174,1967,Average,Samoa,WSM,9
25.9913,1967,Average,Samoa,WSM,10
26.2071,1967,Average,Samoa,WSM,11
26.6344,1967,Average,Samoa,WSM,12
27.1727,1968,Average,Samoa,WSM,1
27.017,1968,Average,Samoa,WSM,2
26.8178,1968,Average,Samoa,WSM,3
26.3174,1968,Average,Samoa,WSM,4
26.5905,1968,Average,Samoa,WSM,5
26.7893,1968,Average,Samoa,WSM,6
25.9641,1968,Average,Samoa,WSM,7
25.3368,1968,Average,Samoa,WSM,8
26.1182,1968,Average,Samoa,WSM,9
26.5364,1968,Average,Samoa,WSM,10
27.2007,1968,Average,Samoa,WSM,11
27.5178,1968,Average,Samoa,WSM,12
27.6289,1969,Average,Samoa,WSM,1
27.6178,1969,Average,Samoa,WSM,2
27.8336,1969,Average,Samoa,WSM,3
27.4905,1969,Average,Samoa,WSM,4
26.7439,1969,Average,Samoa,WSM,5
26.8071,1969,Average,Samoa,WSM,6
25.9174,1969,Average,Samoa,WSM,7
25.6182,1969,Average,Samoa,WSM,8
25.8641,1969,Average,Samoa,WSM,9
26.8182,1969,Average,Samoa,WSM,10
27.1787,1969,Average,Samoa,WSM,11
27.116999999999997,1969,Average,Samoa,WSM,12
27.4719,1970,Average,Samoa,WSM,1
27.8719,1970,Average,Samoa,WSM,2
27.1178,1970,Average,Samoa,WSM,3
27.4455,1970,Average,Samoa,WSM,4
27.5439,1970,Average,Samoa,WSM,5
26.9341,1970,Average,Samoa,WSM,6
26.3182,1970,Average,Samoa,WSM,7
25.791,1970,Average,Samoa,WSM,8
25.7182,1970,Average,Samoa,WSM,9
26.3455,1970,Average,Samoa,WSM,10
26.4178,1970,Average,Samoa,WSM,11
26.017,1970,Average,Samoa,WSM,12
26.6727,1971,Average,Samoa,WSM,1
26.6712,1971,Average,Samoa,WSM,2
26.6719,1971,Average,Samoa,WSM,3
26.8447,1971,Average,Samoa,WSM,4
26.5897,1971,Average,Samoa,WSM,5
26.0064,1971,Average,Samoa,WSM,6
25.7174,1971,Average,Samoa,WSM,7
25.7182,1971,Average,Samoa,WSM,8
25.7641,1971,Average,Samoa,WSM,9
26.2455,1971,Average,Samoa,WSM,10
26.6901,1971,Average,Samoa,WSM,11
26.7178,1971,Average,Samoa,WSM,12
26.4178,1972,Average,Samoa,WSM,1
26.7719,1972,Average,Samoa,WSM,2
27.0269,1972,Average,Samoa,WSM,3
27.5289,1972,Average,Samoa,WSM,4
26.7447,1972,Average,Samoa,WSM,5
26.7155,1972,Average,Samoa,WSM,6
25.8744,1972,Average,Samoa,WSM,7
26.119,1972,Average,Samoa,WSM,8
26.3174,1972,Average,Samoa,WSM,9
26.6455,1972,Average,Samoa,WSM,10
26.7719,1972,Average,Samoa,WSM,11
27.6458,1972,Average,Samoa,WSM,12
27.4727,1973,Average,Samoa,WSM,1
28.0261,1973,Average,Samoa,WSM,2
28.1569,1973,Average,Samoa,WSM,3
27.8462,1973,Average,Samoa,WSM,4
27.2289,1973,Average,Samoa,WSM,5
26.5885,1973,Average,Samoa,WSM,6
26.2732,1973,Average,Samoa,WSM,7
25.9182,1973,Average,Samoa,WSM,8
26.4724,1973,Average,Samoa,WSM,9
25.8913,1973,Average,Samoa,WSM,10
26.145,1973,Average,Samoa,WSM,11
26.5178,1973,Average,Samoa,WSM,12
26.7735,1974,Average,Samoa,WSM,1
26.2878,1974,Average,Samoa,WSM,2
26.5185,1974,Average,Samoa,WSM,3
26.6455,1974,Average,Samoa,WSM,4
26.0439,1974,Average,Samoa,WSM,5
26.0336,1974,Average,Samoa,WSM,6
25.9455,1974,Average,Samoa,WSM,7
25.4641,1974,Average,Samoa,WSM,8
26.319000000000003,1974,Average,Samoa,WSM,9
26.3462,1974,Average,Samoa,WSM,10
26.4344,1974,Average,Samoa,WSM,11
26.5636,1974,Average,Samoa,WSM,12
26.8727,1975,Average,Samoa,WSM,1
26.9719,1975,Average,Samoa,WSM,2
27.2727,1975,Average,Samoa,WSM,3
26.9447,1975,Average,Samoa,WSM,4
26.6989,1975,Average,Samoa,WSM,5
26.1605,1975,Average,Samoa,WSM,6
26.1182,1975,Average,Samoa,WSM,7
26.0182,1975,Average,Samoa,WSM,8
26.3182,1975,Average,Samoa,WSM,9
26.6004,1975,Average,Samoa,WSM,10
26.5344,1975,Average,Samoa,WSM,11
26.3901,1975,Average,Samoa,WSM,12
26.3727,1976,Average,Samoa,WSM,1
26.6719,1976,Average,Samoa,WSM,2
26.9727,1976,Average,Samoa,WSM,3
27.1455,1976,Average,Samoa,WSM,4
26.4739,1976,Average,Samoa,WSM,5
26.1605,1976,Average,Samoa,WSM,6
25.8182,1976,Average,Samoa,WSM,7
25.8348,1976,Average,Samoa,WSM,8
25.9182,1976,Average,Samoa,WSM,9
26.9455,1976,Average,Samoa,WSM,10
27.1178,1976,Average,Samoa,WSM,11
26.7178,1976,Average,Samoa,WSM,12
27.4727,1977,Average,Samoa,WSM,1
27.7727,1977,Average,Samoa,WSM,2
27.2166,1977,Average,Samoa,WSM,3
27.3455,1977,Average,Samoa,WSM,4
26.4981,1977,Average,Samoa,WSM,5
26.5613,1977,Average,Samoa,WSM,6
25.919,1977,Average,Samoa,WSM,7
25.7732,1977,Average,Samoa,WSM,8
25.8716,1977,Average,Samoa,WSM,9
26.5724,1977,Average,Samoa,WSM,10
26.9719,1977,Average,Samoa,WSM,11
27.5185,1977,Average,Samoa,WSM,12
27.1269,1978,Average,Samoa,WSM,1
27.6261,1978,Average,Samoa,WSM,2
26.9019,1978,Average,Samoa,WSM,3
27.1281,1978,Average,Samoa,WSM,4
26.9447,1978,Average,Samoa,WSM,5
26.5155,1978,Average,Samoa,WSM,6
26.0016,1978,Average,Samoa,WSM,7
26.0724,1978,Average,Samoa,WSM,8
26.3182,1978,Average,Samoa,WSM,9
26.5455,1978,Average,Samoa,WSM,10
26.3447,1978,Average,Samoa,WSM,11
27.2012,1978,Average,Samoa,WSM,12
27.2727,1979,Average,Samoa,WSM,1
27.5885,1979,Average,Samoa,WSM,2
27.6,1979,Average,Samoa,WSM,3
27.1447,1979,Average,Samoa,WSM,4
27.1719,1979,Average,Samoa,WSM,5
27.189,1979,Average,Samoa,WSM,6
25.9716,1979,Average,Samoa,WSM,7
26.0174,1979,Average,Samoa,WSM,8
26.7724,1979,Average,Samoa,WSM,9
26.8462,1979,Average,Samoa,WSM,10
26.916999999999998,1979,Average,Samoa,WSM,11
26.916999999999998,1979,Average,Samoa,WSM,12
27.3004,1980,Average,Samoa,WSM,1
27.8719,1980,Average,Samoa,WSM,2
27.8727,1980,Average,Samoa,WSM,3
27.9004,1980,Average,Samoa,WSM,4
26.7439,1980,Average,Samoa,WSM,5
26.7989,1980,Average,Samoa,WSM,6
26.2716,1980,Average,Samoa,WSM,7
26.2716,1980,Average,Samoa,WSM,8
26.6016,1980,Average,Samoa,WSM,9
26.5447,1980,Average,Samoa,WSM,10
27.2269,1980,Average,Samoa,WSM,11
27.4178,1980,Average,Samoa,WSM,12
27.5727,1981,Average,Samoa,WSM,1
27.3712,1981,Average,Samoa,WSM,2
27.2185,1981,Average,Samoa,WSM,3
26.8462,1981,Average,Samoa,WSM,4
26.9989,1981,Average,Samoa,WSM,5
26.1605,1981,Average,Samoa,WSM,6
25.8182,1981,Average,Samoa,WSM,7
26.2182,1981,Average,Samoa,WSM,8
26.6558,1981,Average,Samoa,WSM,9
26.4724,1981,Average,Samoa,WSM,10
27.116999999999997,1981,Average,Samoa,WSM,11
27.2178,1981,Average,Samoa,WSM,12
27.4277,1982,Average,Samoa,WSM,1
27.0719,1982,Average,Samoa,WSM,2
27.9561,1982,Average,Samoa,WSM,3
27.8566,1982,Average,Samoa,WSM,4
27.3439,1982,Average,Samoa,WSM,5
26.8447,1982,Average,Samoa,WSM,6
26.3174,1982,Average,Samoa,WSM,7
26.0451,1982,Average,Samoa,WSM,8
26.2016,1982,Average,Samoa,WSM,9
26.8732,1982,Average,Samoa,WSM,10
26.7447,1982,Average,Samoa,WSM,11
27.0019,1982,Average,Samoa,WSM,12
27.6569,1983,Average,Samoa,WSM,1
28.480999999999998,1983,Average,Samoa,WSM,2
27.7727,1983,Average,Samoa,WSM,3
27.3996,1983,Average,Samoa,WSM,4
27.3447,1983,Average,Samoa,WSM,5
26.5613,1983,Average,Samoa,WSM,6
25.9182,1983,Average,Samoa,WSM,7
25.6174,1983,Average,Samoa,WSM,8
26.6724,1983,Average,Samoa,WSM,9
26.6905,1983,Average,Samoa,WSM,10
27.0905,1983,Average,Samoa,WSM,11
27.2019,1983,Average,Samoa,WSM,12
27.0727,1984,Average,Samoa,WSM,1
27.5719,1984,Average,Samoa,WSM,2
27.4269,1984,Average,Samoa,WSM,3
27.7455,1984,Average,Samoa,WSM,4
27.5989,1984,Average,Samoa,WSM,5
26.8155,1984,Average,Samoa,WSM,6
25.9724,1984,Average,Samoa,WSM,7
26.1024,1984,Average,Samoa,WSM,8
26.3182,1984,Average,Samoa,WSM,9
26.3455,1984,Average,Samoa,WSM,10
27.0178,1984,Average,Samoa,WSM,11
26.8178,1984,Average,Samoa,WSM,12
26.9719,1985,Average,Samoa,WSM,1
27.6719,1985,Average,Samoa,WSM,2
27.7269,1985,Average,Samoa,WSM,3
27.4281,1985,Average,Samoa,WSM,4
26.9989,1985,Average,Samoa,WSM,5
26.5447,1985,Average,Samoa,WSM,6
26.2182,1985,Average,Samoa,WSM,7
26.4016,1985,Average,Samoa,WSM,8
26.3724,1985,Average,Samoa,WSM,9
26.8289,1985,Average,Samoa,WSM,10
26.9636,1985,Average,Samoa,WSM,11
27.5185,1985,Average,Samoa,WSM,12
27.2727,1986,Average,Samoa,WSM,1
27.5261,1986,Average,Samoa,WSM,2
27.7269,1986,Average,Samoa,WSM,3
27.3996,1986,Average,Samoa,WSM,4
26.9822,1986,Average,Samoa,WSM,5
26.7162,1986,Average,Samoa,WSM,6
26.0558,1986,Average,Samoa,WSM,7
25.6182,1986,Average,Samoa,WSM,8
26.4724,1986,Average,Samoa,WSM,9
26.8004,1986,Average,Samoa,WSM,10
27.3719,1986,Average,Samoa,WSM,11
27.5719,1986,Average,Samoa,WSM,12
27.5269,1987,Average,Samoa,WSM,1
27.8727,1987,Average,Samoa,WSM,2
27.8561,1987,Average,Samoa,WSM,3
27.6462,1987,Average,Samoa,WSM,4
26.8455,1987,Average,Samoa,WSM,5
25.7447,1987,Average,Samoa,WSM,6
25.5724,1987,Average,Samoa,WSM,7
25.6182,1987,Average,Samoa,WSM,8
26.1024,1987,Average,Samoa,WSM,9
26.7455,1987,Average,Samoa,WSM,10
27.4719,1987,Average,Samoa,WSM,11
27.7719,1987,Average,Samoa,WSM,12
27.9269,1988,Average,Samoa,WSM,1
28.2261,1988,Average,Samoa,WSM,2
28.2727,1988,Average,Samoa,WSM,3
27.5289,1988,Average,Samoa,WSM,4
27.6447,1988,Average,Samoa,WSM,5
26.9455,1988,Average,Samoa,WSM,6
26.3182,1988,Average,Samoa,WSM,7
26.4724,1988,Average,Samoa,WSM,8
26.6182,1988,Average,Samoa,WSM,9
26.6281,1988,Average,Samoa,WSM,10
26.5004,1988,Average,Samoa,WSM,11
26.717,1988,Average,Samoa,WSM,12
26.6719,1989,Average,Samoa,WSM,1
26.8553,1989,Average,Samoa,WSM,2
27.2727,1989,Average,Samoa,WSM,3
27.1004,1989,Average,Samoa,WSM,4
26.8719,1989,Average,Samoa,WSM,5
26.6613,1989,Average,Samoa,WSM,6
25.9174,1989,Average,Samoa,WSM,7
26.119,1989,Average,Samoa,WSM,8
26.9462,1989,Average,Samoa,WSM,9
27.0455,1989,Average,Samoa,WSM,10
26.8178,1989,Average,Samoa,WSM,11
26.916999999999998,1989,Average,Samoa,WSM,12
27.3727,1990,Average,Samoa,WSM,1
27.5719,1990,Average,Samoa,WSM,2
27.5269,1990,Average,Samoa,WSM,3
27.2455,1990,Average,Samoa,WSM,4
27.4996,1990,Average,Samoa,WSM,5
26.9613,1990,Average,Samoa,WSM,6
26.6641,1990,Average,Samoa,WSM,7
26.3724,1990,Average,Samoa,WSM,8
26.9174,1990,Average,Samoa,WSM,9
27.3724,1990,Average,Samoa,WSM,10
27.4719,1990,Average,Samoa,WSM,11
27.6178,1990,Average,Samoa,WSM,12
27.5455,1991,Average,Samoa,WSM,1
27.6727,1991,Average,Samoa,WSM,2
27.8569,1991,Average,Samoa,WSM,3
27.9462,1991,Average,Samoa,WSM,4
26.6455,1991,Average,Samoa,WSM,5
26.8613,1991,Average,Samoa,WSM,6
26.819000000000003,1991,Average,Samoa,WSM,7
26.5732,1991,Average,Samoa,WSM,8
26.4732,1991,Average,Samoa,WSM,9
26.9462,1991,Average,Samoa,WSM,10
27.3727,1991,Average,Samoa,WSM,11
27.3185,1991,Average,Samoa,WSM,12
27.5569,1992,Average,Samoa,WSM,1
27.6727,1992,Average,Samoa,WSM,2
27.3561,1992,Average,Samoa,WSM,3
27.5996,1992,Average,Samoa,WSM,4
27.3996,1992,Average,Samoa,WSM,5
26.9162,1992,Average,Samoa,WSM,6
26.9739,1992,Average,Samoa,WSM,7
26.4724,1992,Average,Samoa,WSM,8
26.9732,1992,Average,Samoa,WSM,9
27.0732,1992,Average,Samoa,WSM,10
26.8178,1992,Average,Samoa,WSM,11
27.5178,1992,Average,Samoa,WSM,12
27.4727,1993,Average,Samoa,WSM,1
27.4269,1993,Average,Samoa,WSM,2
27.2277,1993,Average,Samoa,WSM,3
27.6004,1993,Average,Samoa,WSM,4
27.3447,1993,Average,Samoa,WSM,5
26.4613,1993,Average,Samoa,WSM,6
25.7182,1993,Average,Samoa,WSM,7
26.3024,1993,Average,Samoa,WSM,8
26.3459,1993,Average,Samoa,WSM,9
26.4296,1993,Average,Samoa,WSM,10
27.8012,1993,Average,Samoa,WSM,11
28.2561,1993,Average,Samoa,WSM,12
27.9118,1994,Average,Samoa,WSM,1
28.311,1994,Average,Samoa,WSM,2
28.2007,1994,Average,Samoa,WSM,3
27.8846,1994,Average,Samoa,WSM,4
27.2538,1994,Average,Samoa,WSM,5
26.6162,1994,Average,Samoa,WSM,6
25.9462,1994,Average,Samoa,WSM,7
25.819000000000003,1994,Average,Samoa,WSM,8
25.7906,1994,Average,Samoa,WSM,9
26.6455,1994,Average,Samoa,WSM,10
26.5344,1994,Average,Samoa,WSM,11
27.9019,1994,Average,Samoa,WSM,12
27.6284,1995,Average,Samoa,WSM,1
27.9103,1995,Average,Samoa,WSM,2
28.0118,1995,Average,Samoa,WSM,3
27.7012,1995,Average,Samoa,WSM,4
27.3818,1995,Average,Samoa,WSM,5
27.0882,1995,Average,Samoa,WSM,6
27.3012,1995,Average,Samoa,WSM,7
26.7739,1995,Average,Samoa,WSM,8
26.9732,1995,Average,Samoa,WSM,9
26.9735,1995,Average,Samoa,WSM,10
27.5735,1995,Average,Samoa,WSM,11
27.7277,1995,Average,Samoa,WSM,12
28.0284,1996,Average,Samoa,WSM,1
28.2103,1996,Average,Samoa,WSM,2
28.1284,1996,Average,Samoa,WSM,3
28.3838,1996,Average,Samoa,WSM,4
27.3561,1996,Average,Samoa,WSM,5
27.616999999999997,1996,Average,Samoa,WSM,6
27.2024,1996,Average,Samoa,WSM,7
27.1566,1996,Average,Samoa,WSM,8
27.5115,1996,Average,Samoa,WSM,9
27.2838,1996,Average,Samoa,WSM,10
28.0561,1996,Average,Samoa,WSM,11
28.3292,1996,Average,Samoa,WSM,12
27.8727,1997,Average,Samoa,WSM,1
28.6261,1997,Average,Samoa,WSM,2
27.7569,1997,Average,Samoa,WSM,3
28.7277,1997,Average,Samoa,WSM,4
27.3281,1997,Average,Samoa,WSM,5
26.4996,1997,Average,Samoa,WSM,6
27.1573,1997,Average,Samoa,WSM,7
26.5032,1997,Average,Samoa,WSM,8
26.619,1997,Average,Samoa,WSM,9
27.7838,1997,Average,Samoa,WSM,10
28.1561,1997,Average,Samoa,WSM,11
28.410999999999998,1997,Average,Samoa,WSM,12
28.866,1998,Average,Samoa,WSM,1
27.6613,1998,Average,Samoa,WSM,2
29.166,1998,Average,Samoa,WSM,3
27.8455,1998,Average,Samoa,WSM,4
27.2905,1998,Average,Samoa,WSM,5
26.9613,1998,Average,Samoa,WSM,6
27.0407,1998,Average,Samoa,WSM,7
26.9573,1998,Average,Samoa,WSM,8
26.5182,1998,Average,Samoa,WSM,9
26.9455,1998,Average,Samoa,WSM,10
29.2118,1998,Average,Samoa,WSM,11
28.2019,1998,Average,Samoa,WSM,12
27.5269,1999,Average,Samoa,WSM,1
27.5561,1999,Average,Samoa,WSM,2
27.9727,1999,Average,Samoa,WSM,3
28.2004,1999,Average,Samoa,WSM,4
26.8905,1999,Average,Samoa,WSM,5
26.9447,1999,Average,Samoa,WSM,6
27.219,1999,Average,Samoa,WSM,7
26.9174,1999,Average,Samoa,WSM,8
27.1024,1999,Average,Samoa,WSM,9
27.0996,1999,Average,Samoa,WSM,10
27.6727,1999,Average,Samoa,WSM,11
28.3561,1999,Average,Samoa,WSM,12
28.5118,2000,Average,Samoa,WSM,1
28.4833,2000,Average,Samoa,WSM,2
28.1269,2000,Average,Samoa,WSM,3
28.4838,2000,Average,Samoa,WSM,4
27.7455,2000,Average,Samoa,WSM,5
27.1621,2000,Average,Samoa,WSM,6
26.6182,2000,Average,Samoa,WSM,7
26.4906,2000,Average,Samoa,WSM,8
27.1739,2000,Average,Samoa,WSM,9
27.3996,2000,Average,Samoa,WSM,10
27.8727,2000,Average,Samoa,WSM,11
28.3569,2000,Average,Samoa,WSM,12
29.0103,2001,Average,Samoa,WSM,1
28.6719,2001,Average,Samoa,WSM,2
28.4569,2001,Average,Samoa,WSM,3
28.4004,2001,Average,Samoa,WSM,4
28.5989,2001,Average,Samoa,WSM,5
27.8996,2001,Average,Samoa,WSM,6
27.3024,2001,Average,Samoa,WSM,7
27.5732,2001,Average,Samoa,WSM,8
27.519000000000002,2001,Average,Samoa,WSM,9
27.6996,2001,Average,Samoa,WSM,10
28.3719,2001,Average,Samoa,WSM,11
28.145,2001,Average,Samoa,WSM,12
28.7284,2002,Average,Samoa,WSM,1
29.311,2002,Average,Samoa,WSM,2
28.711,2002,Average,Samoa,WSM,3
28.6838,2002,Average,Samoa,WSM,4
28.6004,2002,Average,Samoa,WSM,5
27.7727,2002,Average,Samoa,WSM,6
27.6115,2002,Average,Samoa,WSM,7
26.9724,2002,Average,Samoa,WSM,8
27.6739,2002,Average,Samoa,WSM,9
27.4996,2002,Average,Samoa,WSM,10
28.7553,2002,Average,Samoa,WSM,11
28.9553,2002,Average,Samoa,WSM,12
29.2383,2003,Average,Samoa,WSM,1
28.7269,2003,Average,Samoa,WSM,2
29.1277,2003,Average,Samoa,WSM,3
28.2296,2003,Average,Samoa,WSM,4
28.1455,2003,Average,Samoa,WSM,5
26.7455,2003,Average,Samoa,WSM,6
26.8024,2003,Average,Samoa,WSM,7
26.0016,2003,Average,Samoa,WSM,8
27.2558,2003,Average,Samoa,WSM,9
27.4838,2003,Average,Samoa,WSM,10
27.4185,2003,Average,Samoa,WSM,11
27.8019,2003,Average,Samoa,WSM,12
27.6735,2004,Average,Samoa,WSM,1
27.6878,2004,Average,Samoa,WSM,2
27.5727,2004,Average,Samoa,WSM,3
27.7447,2004,Average,Samoa,WSM,4
27.3439,2004,Average,Samoa,WSM,5
27.0605,2004,Average,Samoa,WSM,6
26.6024,2004,Average,Samoa,WSM,7
27.2024,2004,Average,Samoa,WSM,8
27.4566,2004,Average,Samoa,WSM,9
27.5838,2004,Average,Samoa,WSM,10
27.9561,2004,Average,Samoa,WSM,11
29.0727,2004,Average,Samoa,WSM,12
28.7269,2005,Average,Samoa,WSM,1
29.0103,2005,Average,Samoa,WSM,2
29.011,2005,Average,Samoa,WSM,3
28.6004,2005,Average,Samoa,WSM,4
27.7455,2005,Average,Samoa,WSM,5
26.8621,2005,Average,Samoa,WSM,6
26.5724,2005,Average,Samoa,WSM,7
26.7732,2005,Average,Samoa,WSM,8
27.519000000000002,2005,Average,Samoa,WSM,9
27.6996,2005,Average,Samoa,WSM,10
28.3019,2005,Average,Samoa,WSM,11
27.9019,2005,Average,Samoa,WSM,12
27.6277,2006,Average,Samoa,WSM,1
27.7103,2006,Average,Samoa,WSM,2
28.6269,2006,Average,Samoa,WSM,3
28.6569,2006,Average,Samoa,WSM,4
28.438000000000002,2006,Average,Samoa,WSM,5
27.4455,2006,Average,Samoa,WSM,6
26.5558,2006,Average,Samoa,WSM,7
27.0455,2006,Average,Samoa,WSM,8
27.0182,2006,Average,Samoa,WSM,9
27.0455,2006,Average,Samoa,WSM,10
27.416999999999998,2006,Average,Samoa,WSM,11
27.8012,2006,Average,Samoa,WSM,12
28.4269,2007,Average,Samoa,WSM,1
28.5103,2007,Average,Samoa,WSM,2
28.410999999999998,2007,Average,Samoa,WSM,3
28.6838,2007,Average,Samoa,WSM,4
27.883000000000003,2007,Average,Samoa,WSM,5
27.4613,2007,Average,Samoa,WSM,6
27.9566,2007,Average,Samoa,WSM,7
27.1182,2007,Average,Samoa,WSM,8
27.8732,2007,Average,Samoa,WSM,9
27.8838,2007,Average,Samoa,WSM,10
28.1561,2007,Average,Samoa,WSM,11
28.1735,2007,Average,Samoa,WSM,12
28.410999999999998,2008,Average,Samoa,WSM,1
28.6375,2008,Average,Samoa,WSM,2
28.5269,2008,Average,Samoa,WSM,3
27.4455,2008,Average,Samoa,WSM,4
27.2718,2008,Average,Samoa,WSM,5
27.0447,2008,Average,Samoa,WSM,6
26.1099,2008,Average,Samoa,WSM,7
26.3766,2008,Average,Samoa,WSM,8
27.2182,2008,Average,Samoa,WSM,9
27.8996,2008,Average,Samoa,WSM,10
28.2719,2008,Average,Samoa,WSM,11
29.0719,2008,Average,Samoa,WSM,12
29.381,2009,Average,Samoa,WSM,1
29.1486,2009,Average,Samoa,WSM,2
28.965999999999998,2009,Average,Samoa,WSM,3
27.5455,2009,Average,Samoa,WSM,4
27.6289,2009,Average,Samoa,WSM,5
27.0155,2009,Average,Samoa,WSM,6
26.819000000000003,2009,Average,Samoa,WSM,7
26.5174,2009,Average,Samoa,WSM,8
26.7724,2009,Average,Samoa,WSM,9
26.9996,2009,Average,Samoa,WSM,10
27.2178,2009,Average,Samoa,WSM,11
27.416999999999998,2009,Average,Samoa,WSM,12
29.0118,2010,Average,Samoa,WSM,1
28.2719,2010,Average,Samoa,WSM,2
28.1269,2010,Average,Samoa,WSM,3
28.4455,2010,Average,Samoa,WSM,4
28.2447,2010,Average,Samoa,WSM,5
27.5613,2010,Average,Samoa,WSM,6
27.0724,2010,Average,Samoa,WSM,7
27.0182,2010,Average,Samoa,WSM,8
27.2182,2010,Average,Samoa,WSM,9
26.9455,2010,Average,Samoa,WSM,10
27.0178,2010,Average,Samoa,WSM,11
27.1719,2010,Average,Samoa,WSM,12
26.5727,2011,Average,Samoa,WSM,1
26.7727,2011,Average,Samoa,WSM,2
27.6727,2011,Average,Samoa,WSM,3
28.1455,2011,Average,Samoa,WSM,4
27.5613,2011,Average,Samoa,WSM,5
27.2613,2011,Average,Samoa,WSM,6
27.419,2011,Average,Samoa,WSM,7
26.5724,2011,Average,Samoa,WSM,8
27.0182,2011,Average,Samoa,WSM,9
27.2455,2011,Average,Samoa,WSM,10
26.9178,2011,Average,Samoa,WSM,11
27.445,2011,Average,Samoa,WSM,12
27.6,2012,Average,Samoa,WSM,1
27.5561,2012,Average,Samoa,WSM,2
27.4719,2012,Average,Samoa,WSM,3
27.489,2012,Average,Samoa,WSM,4
27.0281,2012,Average,Samoa,WSM,5
26.9613,2012,Average,Samoa,WSM,6
26.5182,2012,Average,Samoa,WSM,7
26.8182,2012,Average,Samoa,WSM,8
27.2024,2012,Average,Samoa,WSM,9
27.5996,2012,Average,Samoa,WSM,10
28.0719,2012,Average,Samoa,WSM,11
27.7178,2012,Average,Samoa,WSM,12
27.5727,2013,Average,Samoa,WSM,1
28.2261,2013,Average,Samoa,WSM,2
27.9269,2013,Average,Samoa,WSM,3
28.3996,2013,Average,Samoa,WSM,4
28.1822,2013,Average,Samoa,WSM,5
27.5613,2013,Average,Samoa,WSM,6
26.7724,2013,Average,Samoa,WSM,7
26.8182,2013,Average,Samoa,WSM,8
27.2724,2013,Average,Samoa,WSM,9
27.2996,2013,Average,Samoa,WSM,10
27.6019,2013,Average,Samoa,WSM,11
28.0019,2013,Average,Samoa,WSM,12
27.9727,2014,Average,Samoa,WSM,1
28.3103,2014,Average,Samoa,WSM,2
28.0277,2014,Average,Samoa,WSM,3
27.7289,2014,Average,Samoa,WSM,4
27.4822,2014,Average,Samoa,WSM,5
26.9447,2014,Average,Samoa,WSM,6
26.1558,2014,Average,Samoa,WSM,7
26.3724,2014,Average,Samoa,WSM,8
27.5724,2014,Average,Samoa,WSM,9
28.0012,2014,Average,Samoa,WSM,10
27.3719,2014,Average,Samoa,WSM,11
27.7185,2014,Average,Samoa,WSM,12
28.0727,2015,Average,Samoa,WSM,1
28.4826,2015,Average,Samoa,WSM,2
28.4269,2015,Average,Samoa,WSM,3
28.0004,2015,Average,Samoa,WSM,4
27.3447,2015,Average,Samoa,WSM,5
26.7447,2015,Average,Samoa,WSM,6
26.4182,2015,Average,Samoa,WSM,7
25.9724,2015,Average,Samoa,WSM,8
26.6724,2015,Average,Samoa,WSM,9
26.6455,2015,Average,Samoa,WSM,10
27.7727,2015,Average,Samoa,WSM,11
27.8178,2015,Average,Samoa,WSM,12
28.7569,2016,Average,Samoa,WSM,1
29.4561,2016,Average,Samoa,WSM,2
28.5561,2016,Average,Samoa,WSM,3
27.9462,2016,Average,Samoa,WSM,4
27.7989,2016,Average,Samoa,WSM,5
27.3455,2016,Average,Samoa,WSM,6
26.719,2016,Average,Samoa,WSM,7
27.0724,2016,Average,Samoa,WSM,8
27.2724,2016,Average,Samoa,WSM,9
27.7996,2016,Average,Samoa,WSM,10
27.7178,2016,Average,Samoa,WSM,11
28.0019,2016,Average,Samoa,WSM,12
