Rainfall - (MM), Year, Statistics, Country, ISO3
40.929, 1901, Jan Average, France, FRA
34.7865, 1901, Feb Average, France, FRA
90.9714, 1901, Mar Average, France, FRA
83.16, 1901, Apr Average, France, FRA
42.6287, 1901, May Average, France, FRA
49.8409, 1901, Jun Average, France, FRA
83.5926, 1901, Jul Average, France, FRA
50.5578, 1901, Aug Average, France, FRA
109.712, 1901, Sep Average, France, FRA
96.5855, 1901, Oct Average, France, FRA
25.0669, 1901, Nov Average, France, FRA
96.8427, 1901, Dec Average, France, FRA
43.6233, 1902, Jan Average, France, FRA
68.6976, 1902, Feb Average, France, FRA
64.3487, 1902, Mar Average, France, FRA
75.9919, 1902, Apr Average, France, FRA
69.532, 1902, May Average, France, FRA
70.0313, 1902, Jun Average, France, FRA
46.2754, 1902, Jul Average, France, FRA
83.5714, 1902, Aug Average, France, FRA
52.6958, 1902, Sep Average, France, FRA
68.8822, 1902, Oct Average, France, FRA
66.8391, 1902, Nov Average, France, FRA
52.3753, 1902, Dec Average, France, FRA
49.5111, 1903, Jan Average, France, FRA
22.2146, 1903, Feb Average, France, FRA
56.7649, 1903, Mar Average, France, FRA
72.5385, 1903, Apr Average, France, FRA
70.5266, 1903, May Average, France, FRA
88.5411, 1903, Jun Average, France, FRA
75.7371, 1903, Jul Average, France, FRA
65.8312, 1903, Aug Average, France, FRA
49.6254, 1903, Sep Average, France, FRA
112.656, 1903, Oct Average, France, FRA
56.2307, 1903, Nov Average, France, FRA
76.7297, 1903, Dec Average, France, FRA
56.6626, 1904, Jan Average, France, FRA
103.262, 1904, Feb Average, France, FRA
47.0317, 1904, Mar Average, France, FRA
42.7758, 1904, Apr Average, France, FRA
59.7913, 1904, May Average, France, FRA
78.9541, 1904, Jun Average, France, FRA
35.7654, 1904, Jul Average, France, FRA
48.0276, 1904, Aug Average, France, FRA
72.1907, 1904, Sep Average, France, FRA
36.0423, 1904, Oct Average, France, FRA
32.8111, 1904, Nov Average, France, FRA
64.4723, 1904, Dec Average, France, FRA
51.2773, 1905, Jan Average, France, FRA
27.9793, 1905, Feb Average, France, FRA
79.0869, 1905, Mar Average, France, FRA
47.7388, 1905, Apr Average, France, FRA
68.3024, 1905, May Average, France, FRA
75.3167, 1905, Jun Average, France, FRA
35.3907, 1905, Jul Average, France, FRA
104.56, 1905, Aug Average, France, FRA
99.7818, 1905, Sep Average, France, FRA
46.8927, 1905, Oct Average, France, FRA
122.484, 1905, Nov Average, France, FRA
32.9956, 1905, Dec Average, France, FRA
82.2188, 1906, Jan Average, France, FRA
72.7711, 1906, Feb Average, France, FRA
55.1657, 1906, Mar Average, France, FRA
65.793, 1906, Apr Average, France, FRA
53.7499, 1906, May Average, France, FRA
19.7694, 1906, Jun Average, France, FRA
51.8672, 1906, Jul Average, France, FRA
24.9943, 1906, Aug Average, France, FRA
28.8911, 1906, Sep Average, France, FRA
77.3694, 1906, Oct Average, France, FRA
113.65, 1906, Nov Average, France, FRA
82.5962, 1906, Dec Average, France, FRA
38.8617, 1907, Jan Average, France, FRA
47.3177, 1907, Feb Average, France, FRA
36.6256, 1907, Mar Average, France, FRA
67.0133, 1907, Apr Average, France, FRA
79.4657, 1907, May Average, France, FRA
64.8466, 1907, Jun Average, France, FRA
55.1669, 1907, Jul Average, France, FRA
26.7335, 1907, Aug Average, France, FRA
65.7973, 1907, Sep Average, France, FRA
175.542, 1907, Oct Average, France, FRA
64.8413, 1907, Nov Average, France, FRA
93.5025, 1907, Dec Average, France, FRA
25.5254, 1908, Jan Average, France, FRA
58.1288, 1908, Feb Average, France, FRA
57.4027, 1908, Mar Average, France, FRA
55.766, 1908, Apr Average, France, FRA
70.1503, 1908, May Average, France, FRA
83.0457, 1908, Jun Average, France, FRA
66.9972, 1908, Jul Average, France, FRA
65.1419, 1908, Aug Average, France, FRA
67.0825, 1908, Sep Average, France, FRA
29.355, 1908, Oct Average, France, FRA
52.2562, 1908, Nov Average, France, FRA
72.2178, 1908, Dec Average, France, FRA
39.7406, 1909, Jan Average, France, FRA
26.917, 1909, Feb Average, France, FRA
97.6697, 1909, Mar Average, France, FRA
52.5617, 1909, Apr Average, France, FRA
40.2561, 1909, May Average, France, FRA
102.735, 1909, Jun Average, France, FRA
56.97, 1909, Jul Average, France, FRA
62.065, 1909, Aug Average, France, FRA
87.9021, 1909, Sep Average, France, FRA
99.9547, 1909, Oct Average, France, FRA
44.0392, 1909, Nov Average, France, FRA
111.237, 1909, Dec Average, France, FRA
88.9494, 1910, Jan Average, France, FRA
100.09, 1910, Feb Average, France, FRA
46.4596, 1910, Mar Average, France, FRA
63.71, 1910, Apr Average, France, FRA
95.6856, 1910, May Average, France, FRA
102.386, 1910, Jun Average, France, FRA
79.0376, 1910, Jul Average, France, FRA
83.2598, 1910, Aug Average, France, FRA
40.8431, 1910, Sep Average, France, FRA
91.5601, 1910, Oct Average, France, FRA
162.449, 1910, Nov Average, France, FRA
107.78, 1910, Dec Average, France, FRA
30.3255, 1911, Jan Average, France, FRA
29.0295, 1911, Feb Average, France, FRA
58.7194, 1911, Mar Average, France, FRA
40.62, 1911, Apr Average, France, FRA
71.4618, 1911, May Average, France, FRA
83.0004, 1911, Jun Average, France, FRA
24.9635, 1911, Jul Average, France, FRA
35.1553, 1911, Aug Average, France, FRA
53.9521, 1911, Sep Average, France, FRA
115.326, 1911, Oct Average, France, FRA
105.082, 1911, Nov Average, France, FRA
106.001, 1911, Dec Average, France, FRA
76.2323, 1912, Jan Average, France, FRA
63.5975, 1912, Feb Average, France, FRA
93.6707, 1912, Mar Average, France, FRA
35.0476, 1912, Apr Average, France, FRA
58.0911, 1912, May Average, France, FRA
80.1257, 1912, Jun Average, France, FRA
76.0509, 1912, Jul Average, France, FRA
126.898, 1912, Aug Average, France, FRA
38.733, 1912, Sep Average, France, FRA
87.853, 1912, Oct Average, France, FRA
62.1384, 1912, Nov Average, France, FRA
48.5013, 1912, Dec Average, France, FRA
85.2113, 1913, Jan Average, France, FRA
36.5572, 1913, Feb Average, France, FRA
79.5598, 1913, Mar Average, France, FRA
84.8063, 1913, Apr Average, France, FRA
87.4613, 1913, May Average, France, FRA
56.6526, 1913, Jun Average, France, FRA
60.9428, 1913, Jul Average, France, FRA
47.9186, 1913, Aug Average, France, FRA
83.625, 1913, Sep Average, France, FRA
89.6922, 1913, Oct Average, France, FRA
87.2346, 1913, Nov Average, France, FRA
63.6932, 1913, Dec Average, France, FRA
33.33, 1914, Jan Average, France, FRA
66.343, 1914, Feb Average, France, FRA
111.022, 1914, Mar Average, France, FRA
42.862, 1914, Apr Average, France, FRA
87.2508, 1914, May Average, France, FRA
73.8913, 1914, Jun Average, France, FRA
98.2648, 1914, Jul Average, France, FRA
75.3789, 1914, Aug Average, France, FRA
62.3003, 1914, Sep Average, France, FRA
78.0985, 1914, Oct Average, France, FRA
70.5368, 1914, Nov Average, France, FRA
111.308, 1914, Dec Average, France, FRA
95.2187, 1915, Jan Average, France, FRA
91.5925, 1915, Feb Average, France, FRA
42.6906, 1915, Mar Average, France, FRA
69.0525, 1915, Apr Average, France, FRA
96.4507, 1915, May Average, France, FRA
76.4128, 1915, Jun Average, France, FRA
67.2465, 1915, Jul Average, France, FRA
46.3567, 1915, Aug Average, France, FRA
74.4966, 1915, Sep Average, France, FRA
51.7978, 1915, Oct Average, France, FRA
78.8143, 1915, Nov Average, France, FRA
109.545, 1915, Dec Average, France, FRA
25.7655, 1916, Jan Average, France, FRA
109.271, 1916, Feb Average, France, FRA
79.7144, 1916, Mar Average, France, FRA
70.9901, 1916, Apr Average, France, FRA
61.1108, 1916, May Average, France, FRA
62.4318, 1916, Jun Average, France, FRA
66.9133, 1916, Jul Average, France, FRA
65.5876, 1916, Aug Average, France, FRA
83.9882, 1916, Sep Average, France, FRA
87.3885, 1916, Oct Average, France, FRA
97.4906, 1916, Nov Average, France, FRA
118.471, 1916, Dec Average, France, FRA
56.6533, 1917, Jan Average, France, FRA
30.269, 1917, Feb Average, France, FRA
83.3538, 1917, Mar Average, France, FRA
58.6023, 1917, Apr Average, France, FRA
101.52, 1917, May Average, France, FRA
90.2719, 1917, Jun Average, France, FRA
68.3073, 1917, Jul Average, France, FRA
87.0655, 1917, Aug Average, France, FRA
40.2815, 1917, Sep Average, France, FRA
115.942, 1917, Oct Average, France, FRA
45.8893, 1917, Nov Average, France, FRA
59.0147, 1917, Dec Average, France, FRA
51.9221, 1918, Jan Average, France, FRA
19.8551, 1918, Feb Average, France, FRA
54.4613, 1918, Mar Average, France, FRA
99.0888, 1918, Apr Average, France, FRA
69.4461, 1918, May Average, France, FRA
53.3464, 1918, Jun Average, France, FRA
45.4926, 1918, Jul Average, France, FRA
35.5811, 1918, Aug Average, France, FRA
104.013, 1918, Sep Average, France, FRA
72.4133, 1918, Oct Average, France, FRA
76.2801, 1918, Nov Average, France, FRA
90.3744, 1918, Dec Average, France, FRA
93.9121, 1919, Jan Average, France, FRA
92.3153, 1919, Feb Average, France, FRA
102.611, 1919, Mar Average, France, FRA
67.672, 1919, Apr Average, France, FRA
38.5198, 1919, May Average, France, FRA
34.5315, 1919, Jun Average, France, FRA
65.4949, 1919, Jul Average, France, FRA
26.9549, 1919, Aug Average, France, FRA
62.0683, 1919, Sep Average, France, FRA
71.5797, 1919, Oct Average, France, FRA
117.854, 1919, Nov Average, France, FRA
92.1091, 1919, Dec Average, France, FRA
78.3903, 1920, Jan Average, France, FRA
18.452, 1920, Feb Average, France, FRA
84.129, 1920, Mar Average, France, FRA
81.0089, 1920, Apr Average, France, FRA
53.1191, 1920, May Average, France, FRA
64.1316, 1920, Jun Average, France, FRA
74.9124, 1920, Jul Average, France, FRA
42.0372, 1920, Aug Average, France, FRA
85.985, 1920, Sep Average, France, FRA
85.4478, 1920, Oct Average, France, FRA
49.8444, 1920, Nov Average, France, FRA
52.8215, 1920, Dec Average, France, FRA
43.6327, 1921, Jan Average, France, FRA
24.9139, 1921, Feb Average, France, FRA
29.9046, 1921, Mar Average, France, FRA
40.2812, 1921, Apr Average, France, FRA
82.7867, 1921, May Average, France, FRA
37.8988, 1921, Jun Average, France, FRA
26.409, 1921, Jul Average, France, FRA
84.7439, 1921, Aug Average, France, FRA
44.6284, 1921, Sep Average, France, FRA
20.5627, 1921, Oct Average, France, FRA
35.6022, 1921, Nov Average, France, FRA
44.735, 1921, Dec Average, France, FRA
91.6812, 1922, Jan Average, France, FRA
58.2314, 1922, Feb Average, France, FRA
83.3806, 1922, Mar Average, France, FRA
128.413, 1922, Apr Average, France, FRA
34.8679, 1922, May Average, France, FRA
75.4457, 1922, Jun Average, France, FRA
67.6935, 1922, Jul Average, France, FRA
76.3576, 1922, Aug Average, France, FRA
72.9303, 1922, Sep Average, France, FRA
68.028, 1922, Oct Average, France, FRA
62.3952, 1922, Nov Average, France, FRA
90.0951, 1922, Dec Average, France, FRA
45.301, 1923, Jan Average, France, FRA
91.5894, 1923, Feb Average, France, FRA
65.5451, 1923, Mar Average, France, FRA
85.5917, 1923, Apr Average, France, FRA
85.6253, 1923, May Average, France, FRA
29.8838, 1923, Jun Average, France, FRA
37.7918, 1923, Jul Average, France, FRA
44.3453, 1923, Aug Average, France, FRA
62.9686, 1923, Sep Average, France, FRA
116.938, 1923, Oct Average, France, FRA
110.874, 1923, Nov Average, France, FRA
109.331, 1923, Dec Average, France, FRA
57.3934, 1924, Jan Average, France, FRA
38.004, 1924, Feb Average, France, FRA
65.9855, 1924, Mar Average, France, FRA
65.148, 1924, Apr Average, France, FRA
61.0641, 1924, May Average, France, FRA
60.948, 1924, Jun Average, France, FRA
73.2166, 1924, Jul Average, France, FRA
83.6847, 1924, Aug Average, France, FRA
86.0975, 1924, Sep Average, France, FRA
84.6279, 1924, Oct Average, France, FRA
60.1097, 1924, Nov Average, France, FRA
52.0976, 1924, Dec Average, France, FRA
38.2237, 1925, Jan Average, France, FRA
73.0364, 1925, Feb Average, France, FRA
46.5239, 1925, Mar Average, France, FRA
80.2155, 1925, Apr Average, France, FRA
94.393, 1925, May Average, France, FRA
22.7191, 1925, Jun Average, France, FRA
97.9694, 1925, Jul Average, France, FRA
88.052, 1925, Aug Average, France, FRA
65.5131, 1925, Sep Average, France, FRA
67.003, 1925, Oct Average, France, FRA
73.9035, 1925, Nov Average, France, FRA
89.5934, 1925, Dec Average, France, FRA
76.7673, 1926, Jan Average, France, FRA
71.0274, 1926, Feb Average, France, FRA
51.4753, 1926, Mar Average, France, FRA
76.018, 1926, Apr Average, France, FRA
108.6, 1926, May Average, France, FRA
83.9509, 1926, Jun Average, France, FRA
49.4927, 1926, Jul Average, France, FRA
37.7694, 1926, Aug Average, France, FRA
38.8981, 1926, Sep Average, France, FRA
108.89, 1926, Oct Average, France, FRA
129.493, 1926, Nov Average, France, FRA
26.4101, 1926, Dec Average, France, FRA
66.4312, 1927, Jan Average, France, FRA
50.0546, 1927, Feb Average, France, FRA
113.578, 1927, Mar Average, France, FRA
51.3624, 1927, Apr Average, France, FRA
59.4753, 1927, May Average, France, FRA
80.625, 1927, Jun Average, France, FRA
91.2542, 1927, Jul Average, France, FRA
104.398, 1927, Aug Average, France, FRA
103.581, 1927, Sep Average, France, FRA
33.5616, 1927, Oct Average, France, FRA
81.3509, 1927, Nov Average, France, FRA
87.956, 1927, Dec Average, France, FRA
70.6113, 1928, Jan Average, France, FRA
62.639, 1928, Feb Average, France, FRA
90.8627, 1928, Mar Average, France, FRA
98.721, 1928, Apr Average, France, FRA
70.4384, 1928, May Average, France, FRA
51.8406, 1928, Jun Average, France, FRA
20.3368, 1928, Jul Average, France, FRA
56.9027, 1928, Aug Average, France, FRA
47.8291, 1928, Sep Average, France, FRA
127.826, 1928, Oct Average, France, FRA
112.02, 1928, Nov Average, France, FRA
60.6539, 1928, Dec Average, France, FRA
28.3848, 1929, Jan Average, France, FRA
31.6684, 1929, Feb Average, France, FRA
6.28321, 1929, Mar Average, France, FRA
48.7058, 1929, Apr Average, France, FRA
67.2072, 1929, May Average, France, FRA
66.6938, 1929, Jun Average, France, FRA
59.8285, 1929, Jul Average, France, FRA
46.7475, 1929, Aug Average, France, FRA
36.6226, 1929, Sep Average, France, FRA
116.623, 1929, Oct Average, France, FRA
77.9868, 1929, Nov Average, France, FRA
106.103, 1929, Dec Average, France, FRA
82.2318, 1930, Jan Average, France, FRA
54.072, 1930, Feb Average, France, FRA
78.8357, 1930, Mar Average, France, FRA
79.7576, 1930, Apr Average, France, FRA
96.6125, 1930, May Average, France, FRA
86.0494, 1930, Jun Average, France, FRA
103.113, 1930, Jul Average, France, FRA
61.5145, 1930, Aug Average, France, FRA
85.9368, 1930, Sep Average, France, FRA
114.123, 1930, Oct Average, France, FRA
116.824, 1930, Nov Average, France, FRA
81.4053, 1930, Dec Average, France, FRA
75.606, 1931, Jan Average, France, FRA
64.6243, 1931, Feb Average, France, FRA
77.8756, 1931, Mar Average, France, FRA
62.6318, 1931, Apr Average, France, FRA
93.4258, 1931, May Average, France, FRA
38.5394, 1931, Jun Average, France, FRA
79.8784, 1931, Jul Average, France, FRA
122.393, 1931, Aug Average, France, FRA
62.2374, 1931, Sep Average, France, FRA
67.2279, 1931, Oct Average, France, FRA
99.8741, 1931, Nov Average, France, FRA
39.0991, 1931, Dec Average, France, FRA
51.6097, 1932, Jan Average, France, FRA
10.3398, 1932, Feb Average, France, FRA
74.087, 1932, Mar Average, France, FRA
87.3052, 1932, Apr Average, France, FRA
102.151, 1932, May Average, France, FRA
82.432, 1932, Jun Average, France, FRA
109.999, 1932, Jul Average, France, FRA
57.9208, 1932, Aug Average, France, FRA
96.7729, 1932, Sep Average, France, FRA
103.733, 1932, Oct Average, France, FRA
46.0666, 1932, Nov Average, France, FRA
64.7761, 1932, Dec Average, France, FRA
36.5757, 1933, Jan Average, France, FRA
50.528, 1933, Feb Average, France, FRA
58.6515, 1933, Mar Average, France, FRA
33.95, 1933, Apr Average, France, FRA
69.3535, 1933, May Average, France, FRA
89.6299, 1933, Jun Average, France, FRA
37.9534, 1933, Jul Average, France, FRA
30.7778, 1933, Aug Average, France, FRA
112.661, 1933, Sep Average, France, FRA
94.5021, 1933, Oct Average, France, FRA
74.7138, 1933, Nov Average, France, FRA
49.9738, 1933, Dec Average, France, FRA
50.28, 1934, Jan Average, France, FRA
17.0558, 1934, Feb Average, France, FRA
82.4284, 1934, Mar Average, France, FRA
89.7236, 1934, Apr Average, France, FRA
33.3239, 1934, May Average, France, FRA
59.136, 1934, Jun Average, France, FRA
34.0702, 1934, Jul Average, France, FRA
83.7025, 1934, Aug Average, France, FRA
47.1373, 1934, Sep Average, France, FRA
61.8568, 1934, Oct Average, France, FRA
113.184, 1934, Nov Average, France, FRA
120.122, 1934, Dec Average, France, FRA
43.3892, 1935, Jan Average, France, FRA
84.4627, 1935, Feb Average, France, FRA
53.5723, 1935, Mar Average, France, FRA
82.9123, 1935, Apr Average, France, FRA
73.371, 1935, May Average, France, FRA
61.2713, 1935, Jun Average, France, FRA
31.2136, 1935, Jul Average, France, FRA
87.4145, 1935, Aug Average, France, FRA
68.6264, 1935, Sep Average, France, FRA
97.995, 1935, Oct Average, France, FRA
123.988, 1935, Nov Average, France, FRA
134.634, 1935, Dec Average, France, FRA
126.163, 1936, Jan Average, France, FRA
79.3573, 1936, Feb Average, France, FRA
66.7407, 1936, Mar Average, France, FRA
90.809, 1936, Apr Average, France, FRA
59.2957, 1936, May Average, France, FRA
83.9786, 1936, Jun Average, France, FRA
105.418, 1936, Jul Average, France, FRA
35.9095, 1936, Aug Average, France, FRA
86.3094, 1936, Sep Average, France, FRA
44.2411, 1936, Oct Average, France, FRA
76.3859, 1936, Nov Average, France, FRA
38.5508, 1936, Dec Average, France, FRA
83.5588, 1937, Jan Average, France, FRA
107.378, 1937, Feb Average, France, FRA
119.079, 1937, Mar Average, France, FRA
80.2778, 1937, Apr Average, France, FRA
79.7445, 1937, May Average, France, FRA
73.719, 1937, Jun Average, France, FRA
25.7017, 1937, Jul Average, France, FRA
44.0322, 1937, Aug Average, France, FRA
82.9253, 1937, Sep Average, France, FRA
85.1782, 1937, Oct Average, France, FRA
57.3968, 1937, Nov Average, France, FRA
80.8171, 1937, Dec Average, France, FRA
79.3888, 1938, Jan Average, France, FRA
25.6413, 1938, Feb Average, France, FRA
12.7596, 1938, Mar Average, France, FRA
12.4664, 1938, Apr Average, France, FRA
83.2545, 1938, May Average, France, FRA
49.8359, 1938, Jun Average, France, FRA
71.6084, 1938, Jul Average, France, FRA
78.2588, 1938, Aug Average, France, FRA
85.4697, 1938, Sep Average, France, FRA
68.1052, 1938, Oct Average, France, FRA
81.9262, 1938, Nov Average, France, FRA
82.7845, 1938, Dec Average, France, FRA
102.907, 1939, Jan Average, France, FRA
46.1922, 1939, Feb Average, France, FRA
61.7204, 1939, Mar Average, France, FRA
74.4679, 1939, Apr Average, France, FRA
69.2802, 1939, May Average, France, FRA
81.4449, 1939, Jun Average, France, FRA
65.7882, 1939, Jul Average, France, FRA
89.3132, 1939, Aug Average, France, FRA
65.4197, 1939, Sep Average, France, FRA
140.283, 1939, Oct Average, France, FRA
93.5717, 1939, Nov Average, France, FRA
70.1138, 1939, Dec Average, France, FRA
58.1552, 1940, Jan Average, France, FRA
63.6455, 1940, Feb Average, France, FRA
57.7055, 1940, Mar Average, France, FRA
84.0595, 1940, Apr Average, France, FRA
67.6376, 1940, May Average, France, FRA
75.3762, 1940, Jun Average, France, FRA
89.7088, 1940, Jul Average, France, FRA
29.5059, 1940, Aug Average, France, FRA
97.0168, 1940, Sep Average, France, FRA
92.1075, 1940, Oct Average, France, FRA
97.452, 1940, Nov Average, France, FRA
78.7793, 1940, Dec Average, France, FRA
104.533, 1941, Jan Average, France, FRA
88.3988, 1941, Feb Average, France, FRA
63.4778, 1941, Mar Average, France, FRA
64.3668, 1941, Apr Average, France, FRA
85.1064, 1941, May Average, France, FRA
87.6757, 1941, Jun Average, France, FRA
62.4496, 1941, Jul Average, France, FRA
102.804, 1941, Aug Average, France, FRA
53.8032, 1941, Sep Average, France, FRA
49.7335, 1941, Oct Average, France, FRA
83.7934, 1941, Nov Average, France, FRA
38.3461, 1941, Dec Average, France, FRA
83.2349, 1942, Jan Average, France, FRA
37.8722, 1942, Feb Average, France, FRA
62.0706, 1942, Mar Average, France, FRA
60.2834, 1942, Apr Average, France, FRA
73.5353, 1942, May Average, France, FRA
57.2422, 1942, Jun Average, France, FRA
53.9325, 1942, Jul Average, France, FRA
55.714, 1942, Aug Average, France, FRA
92.0972, 1942, Sep Average, France, FRA
85.8223, 1942, Oct Average, France, FRA
37.2429, 1942, Nov Average, France, FRA
69.684, 1942, Dec Average, France, FRA
83.9641, 1943, Jan Average, France, FRA
35.9274, 1943, Feb Average, France, FRA
30.2072, 1943, Mar Average, France, FRA
35.4601, 1943, Apr Average, France, FRA
73.4442, 1943, May Average, France, FRA
46.5417, 1943, Jun Average, France, FRA
60.2364, 1943, Jul Average, France, FRA
62.1783, 1943, Aug Average, France, FRA
94.4735, 1943, Sep Average, France, FRA
71.4855, 1943, Oct Average, France, FRA
86.8538, 1943, Nov Average, France, FRA
64.3767, 1943, Dec Average, France, FRA
35.0631, 1944, Jan Average, France, FRA
57.3107, 1944, Feb Average, France, FRA
14.8335, 1944, Mar Average, France, FRA
50.7373, 1944, Apr Average, France, FRA
32.2663, 1944, May Average, France, FRA
59.1572, 1944, Jun Average, France, FRA
70.289, 1944, Jul Average, France, FRA
71.9503, 1944, Aug Average, France, FRA
89.0981, 1944, Sep Average, France, FRA
110.524, 1944, Oct Average, France, FRA
110.769, 1944, Nov Average, France, FRA
86.0232, 1944, Dec Average, France, FRA
69.4218, 1945, Jan Average, France, FRA
39.6146, 1945, Feb Average, France, FRA
30.0222, 1945, Mar Average, France, FRA
30.0516, 1945, Apr Average, France, FRA
77.4544, 1945, May Average, France, FRA
32.7219, 1945, Jun Average, France, FRA
34.5976, 1945, Jul Average, France, FRA
81.863, 1945, Aug Average, France, FRA
57.2539, 1945, Sep Average, France, FRA
50.0303, 1945, Oct Average, France, FRA
34.661, 1945, Nov Average, France, FRA
101.923, 1945, Dec Average, France, FRA
46.5505, 1946, Jan Average, France, FRA
64.8261, 1946, Feb Average, France, FRA
47.6934, 1946, Mar Average, France, FRA
59.0875, 1946, Apr Average, France, FRA
106.259, 1946, May Average, France, FRA
74.8517, 1946, Jun Average, France, FRA
32.8071, 1946, Jul Average, France, FRA
80.2335, 1946, Aug Average, France, FRA
50.1321, 1946, Sep Average, France, FRA
50.9828, 1946, Oct Average, France, FRA
61.3785, 1946, Nov Average, France, FRA
69.7103, 1946, Dec Average, France, FRA
48.2059, 1947, Jan Average, France, FRA
76.6085, 1947, Feb Average, France, FRA
102.128, 1947, Mar Average, France, FRA
33.543, 1947, Apr Average, France, FRA
57.038, 1947, May Average, France, FRA
52.8612, 1947, Jun Average, France, FRA
48.523, 1947, Jul Average, France, FRA
55.86, 1947, Aug Average, France, FRA
51.9006, 1947, Sep Average, France, FRA
54.3176, 1947, Oct Average, France, FRA
73.4034, 1947, Nov Average, France, FRA
88.3364, 1947, Dec Average, France, FRA
123.593, 1948, Jan Average, France, FRA
31.7887, 1948, Feb Average, France, FRA
28.1906, 1948, Mar Average, France, FRA
80.2106, 1948, Apr Average, France, FRA
85.2433, 1948, May Average, France, FRA
70.8386, 1948, Jun Average, France, FRA
55.6142, 1948, Jul Average, France, FRA
89.2642, 1948, Aug Average, France, FRA
66.4406, 1948, Sep Average, France, FRA
48.3262, 1948, Oct Average, France, FRA
38.8439, 1948, Nov Average, France, FRA
53.6427, 1948, Dec Average, France, FRA
35.8718, 1949, Jan Average, France, FRA
15.594, 1949, Feb Average, France, FRA
45.144, 1949, Mar Average, France, FRA
38.8846, 1949, Apr Average, France, FRA
93.2593, 1949, May Average, France, FRA
35.3776, 1949, Jun Average, France, FRA
18.2613, 1949, Jul Average, France, FRA
43.9241, 1949, Aug Average, France, FRA
69.8167, 1949, Sep Average, France, FRA
61.6876, 1949, Oct Average, France, FRA
112.328, 1949, Nov Average, France, FRA
64.3679, 1949, Dec Average, France, FRA
33.8604, 1950, Jan Average, France, FRA
91.7067, 1950, Feb Average, France, FRA
32.3088, 1950, Mar Average, France, FRA
70.2726, 1950, Apr Average, France, FRA
68.1093, 1950, May Average, France, FRA
46.4319, 1950, Jun Average, France, FRA
46.8158, 1950, Jul Average, France, FRA
85.1961, 1950, Aug Average, France, FRA
70.5739, 1950, Sep Average, France, FRA
39.5662, 1950, Oct Average, France, FRA
122.309, 1950, Nov Average, France, FRA
90.9517, 1950, Dec Average, France, FRA
71.1407, 1951, Jan Average, France, FRA
96.166, 1951, Feb Average, France, FRA
90.5294, 1951, Mar Average, France, FRA
57.0734, 1951, Apr Average, France, FRA
116.858, 1951, May Average, France, FRA
98.7193, 1951, Jun Average, France, FRA
50.0362, 1951, Jul Average, France, FRA
101.373, 1951, Aug Average, France, FRA
69.0705, 1951, Sep Average, France, FRA
62.6311, 1951, Oct Average, France, FRA
125.168, 1951, Nov Average, France, FRA
55.9086, 1951, Dec Average, France, FRA
83.463, 1952, Jan Average, France, FRA
48.715, 1952, Feb Average, France, FRA
77.4075, 1952, Mar Average, France, FRA
43.9744, 1952, Apr Average, France, FRA
54.3742, 1952, May Average, France, FRA
35.8774, 1952, Jun Average, France, FRA
32.9987, 1952, Jul Average, France, FRA
81.1756, 1952, Aug Average, France, FRA
102.069, 1952, Sep Average, France, FRA
113.737, 1952, Oct Average, France, FRA
112.265, 1952, Nov Average, France, FRA
107.542, 1952, Dec Average, France, FRA
18.2457, 1953, Jan Average, France, FRA
35.4874, 1953, Feb Average, France, FRA
6.47304, 1953, Mar Average, France, FRA
57.8147, 1953, Apr Average, France, FRA
38.7869, 1953, May Average, France, FRA
113.568, 1953, Jun Average, France, FRA
69.7746, 1953, Jul Average, France, FRA
37.549, 1953, Aug Average, France, FRA
90.2548, 1953, Sep Average, France, FRA
72.1553, 1953, Oct Average, France, FRA
22.7574, 1953, Nov Average, France, FRA
35.5833, 1953, Dec Average, France, FRA
45.9521, 1954, Jan Average, France, FRA
62.3491, 1954, Feb Average, France, FRA
74.6984, 1954, Mar Average, France, FRA
42.7904, 1954, Apr Average, France, FRA
65.8643, 1954, May Average, France, FRA
57.9451, 1954, Jun Average, France, FRA
53.1109, 1954, Jul Average, France, FRA
109.609, 1954, Aug Average, France, FRA
79.1602, 1954, Sep Average, France, FRA
53.7354, 1954, Oct Average, France, FRA
66.6116, 1954, Nov Average, France, FRA
80.5585, 1954, Dec Average, France, FRA
138.325, 1955, Jan Average, France, FRA
97.7268, 1955, Feb Average, France, FRA
32.8413, 1955, Mar Average, France, FRA
7.06524, 1955, Apr Average, France, FRA
60.7097, 1955, May Average, France, FRA
101.071, 1955, Jun Average, France, FRA
65.0951, 1955, Jul Average, France, FRA
43.5696, 1955, Aug Average, France, FRA
50.386, 1955, Sep Average, France, FRA
59.6676, 1955, Oct Average, France, FRA
44.6897, 1955, Nov Average, France, FRA
94.1977, 1955, Dec Average, France, FRA
80.0701, 1956, Jan Average, France, FRA
23.1475, 1956, Feb Average, France, FRA
56.6697, 1956, Mar Average, France, FRA
69.1434, 1956, Apr Average, France, FRA
63.1748, 1956, May Average, France, FRA
58.3176, 1956, Jun Average, France, FRA
82.4611, 1956, Jul Average, France, FRA
97.4649, 1956, Aug Average, France, FRA
93.8229, 1956, Sep Average, France, FRA
61.3855, 1956, Oct Average, France, FRA
44.2951, 1956, Nov Average, France, FRA
45.216, 1956, Dec Average, France, FRA
34.7416, 1957, Jan Average, France, FRA
114.303, 1957, Feb Average, France, FRA
35.9831, 1957, Mar Average, France, FRA
55.5133, 1957, Apr Average, France, FRA
59.6161, 1957, May Average, France, FRA
108.147, 1957, Jun Average, France, FRA
66.7874, 1957, Jul Average, France, FRA
61.6825, 1957, Aug Average, France, FRA
69.2044, 1957, Sep Average, France, FRA
33.8365, 1957, Oct Average, France, FRA
64.5001, 1957, Nov Average, France, FRA
69.8904, 1957, Dec Average, France, FRA
87.119, 1958, Jan Average, France, FRA
77.1468, 1958, Feb Average, France, FRA
66.708, 1958, Mar Average, France, FRA
52.4569, 1958, Apr Average, France, FRA
85.7793, 1958, May Average, France, FRA
88.2746, 1958, Jun Average, France, FRA
73.8758, 1958, Jul Average, France, FRA
86.2681, 1958, Aug Average, France, FRA
78.3992, 1958, Sep Average, France, FRA
66.4952, 1958, Oct Average, France, FRA
68.0306, 1958, Nov Average, France, FRA
115.01, 1958, Dec Average, France, FRA
75.8125, 1959, Jan Average, France, FRA
20.1695, 1959, Feb Average, France, FRA
82.3395, 1959, Mar Average, France, FRA
88.7349, 1959, Apr Average, France, FRA
49.6608, 1959, May Average, France, FRA
64.733, 1959, Jun Average, France, FRA
30.9002, 1959, Jul Average, France, FRA
63.4209, 1959, Aug Average, France, FRA
49.8981, 1959, Sep Average, France, FRA
92.604, 1959, Oct Average, France, FRA
74.5361, 1959, Nov Average, France, FRA
127.602, 1959, Dec Average, France, FRA
70.7891, 1960, Jan Average, France, FRA
72.3629, 1960, Feb Average, France, FRA
83.3964, 1960, Mar Average, France, FRA
22.9467, 1960, Apr Average, France, FRA
54.325, 1960, May Average, France, FRA
68.9428, 1960, Jun Average, France, FRA
85.2768, 1960, Jul Average, France, FRA
106.307, 1960, Aug Average, France, FRA
109.078, 1960, Sep Average, France, FRA
163.311, 1960, Oct Average, France, FRA
104.359, 1960, Nov Average, France, FRA
98.6424, 1960, Dec Average, France, FRA
95.1072, 1961, Jan Average, France, FRA
47.2175, 1961, Feb Average, France, FRA
7.17757, 1961, Mar Average, France, FRA
82.6658, 1961, Apr Average, France, FRA
60.1019, 1961, May Average, France, FRA
56.038, 1961, Jun Average, France, FRA
59.8399, 1961, Jul Average, France, FRA
31.0565, 1961, Aug Average, France, FRA
54.1774, 1961, Sep Average, France, FRA
100.482, 1961, Oct Average, France, FRA
98.5174, 1961, Nov Average, France, FRA
82.4064, 1961, Dec Average, France, FRA
85.0691, 1962, Jan Average, France, FRA
54.2914, 1962, Feb Average, France, FRA
83.0121, 1962, Mar Average, France, FRA
67.4713, 1962, Apr Average, France, FRA
72.5632, 1962, May Average, France, FRA
25.7672, 1962, Jun Average, France, FRA
42.3111, 1962, Jul Average, France, FRA
33.0498, 1962, Aug Average, France, FRA
65.8301, 1962, Sep Average, France, FRA
50.3938, 1962, Oct Average, France, FRA
99.5098, 1962, Nov Average, France, FRA
78.1935, 1962, Dec Average, France, FRA
50.191, 1963, Jan Average, France, FRA
57.0551, 1963, Feb Average, France, FRA
77.9745, 1963, Mar Average, France, FRA
70.167, 1963, Apr Average, France, FRA
54.6574, 1963, May Average, France, FRA
111.306, 1963, Jun Average, France, FRA
49.0979, 1963, Jul Average, France, FRA
133.627, 1963, Aug Average, France, FRA
75.8211, 1963, Sep Average, France, FRA
43.5201, 1963, Oct Average, France, FRA
116.809, 1963, Nov Average, France, FRA
35.3331, 1963, Dec Average, France, FRA
21.4306, 1964, Jan Average, France, FRA
65.835, 1964, Feb Average, France, FRA
88.5565, 1964, Mar Average, France, FRA
67.5621, 1964, Apr Average, France, FRA
67.6559, 1964, May Average, France, FRA
52.4468, 1964, Jun Average, France, FRA
32.4477, 1964, Jul Average, France, FRA
56.8417, 1964, Aug Average, France, FRA
63.8476, 1964, Sep Average, France, FRA
82.913, 1964, Oct Average, France, FRA
56.6421, 1964, Nov Average, France, FRA
65.1922, 1964, Dec Average, France, FRA
96.2648, 1965, Jan Average, France, FRA
15.7785, 1965, Feb Average, France, FRA
82.2613, 1965, Mar Average, France, FRA
53.0118, 1965, Apr Average, France, FRA
72.5456, 1965, May Average, France, FRA
55.5447, 1965, Jun Average, France, FRA
75.241, 1965, Jul Average, France, FRA
89.4343, 1965, Aug Average, France, FRA
151.336, 1965, Sep Average, France, FRA
46.3045, 1965, Oct Average, France, FRA
115.517, 1965, Nov Average, France, FRA
135.913, 1965, Dec Average, France, FRA
74.9784, 1966, Jan Average, France, FRA
99.9486, 1966, Feb Average, France, FRA
34.8155, 1966, Mar Average, France, FRA
93.9467, 1966, Apr Average, France, FRA
67.2058, 1966, May Average, France, FRA
66.7875, 1966, Jun Average, France, FRA
65.5057, 1966, Jul Average, France, FRA
71.5726, 1966, Aug Average, France, FRA
35.2415, 1966, Sep Average, France, FRA
139.097, 1966, Oct Average, France, FRA
98.2949, 1966, Nov Average, France, FRA
101.526, 1966, Dec Average, France, FRA
43.2671, 1967, Jan Average, France, FRA
60.2825, 1967, Feb Average, France, FRA
52.3761, 1967, Mar Average, France, FRA
33.8549, 1967, Apr Average, France, FRA
91.9233, 1967, May Average, France, FRA
38.6382, 1967, Jun Average, France, FRA
29.4191, 1967, Jul Average, France, FRA
59.183, 1967, Aug Average, France, FRA
80.959, 1967, Sep Average, France, FRA
74.8547, 1967, Oct Average, France, FRA
96.733, 1967, Nov Average, France, FRA
64.003, 1967, Dec Average, France, FRA
73.8478, 1968, Jan Average, France, FRA
81.111, 1968, Feb Average, France, FRA
38.035, 1968, Mar Average, France, FRA
67.4207, 1968, Apr Average, France, FRA
90.0536, 1968, May Average, France, FRA
64.4563, 1968, Jun Average, France, FRA
62.5473, 1968, Jul Average, France, FRA
111.401, 1968, Aug Average, France, FRA
118.315, 1968, Sep Average, France, FRA
49.0404, 1968, Oct Average, France, FRA
76.7006, 1968, Nov Average, France, FRA
79.998, 1968, Dec Average, France, FRA
59.7846, 1969, Jan Average, France, FRA
57.4695, 1969, Feb Average, France, FRA
84.4429, 1969, Mar Average, France, FRA
78.2433, 1969, Apr Average, France, FRA
92.2836, 1969, May Average, France, FRA
79.6697, 1969, Jun Average, France, FRA
51.0351, 1969, Jul Average, France, FRA
64.8971, 1969, Aug Average, France, FRA
82.0602, 1969, Sep Average, France, FRA
17.3281, 1969, Oct Average, France, FRA
102.583, 1969, Nov Average, France, FRA
70.1934, 1969, Dec Average, France, FRA
82.8848, 1970, Jan Average, France, FRA
107.146, 1970, Feb Average, France, FRA
66.9228, 1970, Mar Average, France, FRA
67.4081, 1970, Apr Average, France, FRA
58.1469, 1970, May Average, France, FRA
82.147, 1970, Jun Average, France, FRA
38.3501, 1970, Jul Average, France, FRA
69.9569, 1970, Aug Average, France, FRA
38.7336, 1970, Sep Average, France, FRA
75.1919, 1970, Oct Average, France, FRA
83.3581, 1970, Nov Average, France, FRA
46.5781, 1970, Dec Average, France, FRA
81.8201, 1971, Jan Average, France, FRA
33.7612, 1971, Feb Average, France, FRA
69.6079, 1971, Mar Average, France, FRA
66.3639, 1971, Apr Average, France, FRA
95.7075, 1971, May Average, France, FRA
94.349, 1971, Jun Average, France, FRA
55.0168, 1971, Jul Average, France, FRA
71.01, 1971, Aug Average, France, FRA
45.7501, 1971, Sep Average, France, FRA
26.5261, 1971, Oct Average, France, FRA
93.062, 1971, Nov Average, France, FRA
43.6041, 1971, Dec Average, France, FRA
83.2186, 1972, Jan Average, France, FRA
101.623, 1972, Feb Average, France, FRA
56.6071, 1972, Mar Average, France, FRA
65.8746, 1972, Apr Average, France, FRA
69.5511, 1972, May Average, France, FRA
80.9087, 1972, Jun Average, France, FRA
53.8836, 1972, Jul Average, France, FRA
76.358, 1972, Aug Average, France, FRA
53.8397, 1972, Sep Average, France, FRA
57.6762, 1972, Oct Average, France, FRA
92.645, 1972, Nov Average, France, FRA
56.2966, 1972, Dec Average, France, FRA
52.8094, 1973, Jan Average, France, FRA
56.1266, 1973, Feb Average, France, FRA
16.8811, 1973, Mar Average, France, FRA
48.2985, 1973, Apr Average, France, FRA
80.7158, 1973, May Average, France, FRA
63.9235, 1973, Jun Average, France, FRA
77.4754, 1973, Jul Average, France, FRA
44.4924, 1973, Aug Average, France, FRA
73.773, 1973, Sep Average, France, FRA
65.5037, 1973, Oct Average, France, FRA
46.7834, 1973, Nov Average, France, FRA
80.5913, 1973, Dec Average, France, FRA
64.3698, 1974, Jan Average, France, FRA
87.2824, 1974, Feb Average, France, FRA
79.3815, 1974, Mar Average, France, FRA
52.5347, 1974, Apr Average, France, FRA
64.384, 1974, May Average, France, FRA
67.0582, 1974, Jun Average, France, FRA
43.4812, 1974, Jul Average, France, FRA
66.9115, 1974, Aug Average, France, FRA
116.841, 1974, Sep Average, France, FRA
106.76, 1974, Oct Average, France, FRA
94.208, 1974, Nov Average, France, FRA
45.1696, 1974, Dec Average, France, FRA
77.6143, 1975, Jan Average, France, FRA
27.7846, 1975, Feb Average, France, FRA
88.8635, 1975, Mar Average, France, FRA
51.3448, 1975, Apr Average, France, FRA
90.9245, 1975, May Average, France, FRA
51.4368, 1975, Jun Average, France, FRA
40.4743, 1975, Jul Average, France, FRA
78.4175, 1975, Aug Average, France, FRA
119.246, 1975, Sep Average, France, FRA
35.6449, 1975, Oct Average, France, FRA
107.674, 1975, Nov Average, France, FRA
45.8753, 1975, Dec Average, France, FRA
32.7195, 1976, Jan Average, France, FRA
54.5952, 1976, Feb Average, France, FRA
34.8488, 1976, Mar Average, France, FRA
43.7636, 1976, Apr Average, France, FRA
38.9801, 1976, May Average, France, FRA
11.1009, 1976, Jun Average, France, FRA
62.7847, 1976, Jul Average, France, FRA
56.4211, 1976, Aug Average, France, FRA
104.726, 1976, Sep Average, France, FRA
124.346, 1976, Oct Average, France, FRA
99.0987, 1976, Nov Average, France, FRA
83.9374, 1976, Dec Average, France, FRA
93.3592, 1977, Jan Average, France, FRA
106.75, 1977, Feb Average, France, FRA
71.5092, 1977, Mar Average, France, FRA
63.3008, 1977, Apr Average, France, FRA
122.534, 1977, May Average, France, FRA
98.4455, 1977, Jun Average, France, FRA
104.563, 1977, Jul Average, France, FRA
89.5455, 1977, Aug Average, France, FRA
15.7224, 1977, Sep Average, France, FRA
88.6477, 1977, Oct Average, France, FRA
78.9407, 1977, Nov Average, France, FRA
78.0204, 1977, Dec Average, France, FRA
105.996, 1978, Jan Average, France, FRA
91.0703, 1978, Feb Average, France, FRA
105.513, 1978, Mar Average, France, FRA
77.0869, 1978, Apr Average, France, FRA
81.5523, 1978, May Average, France, FRA
66.7517, 1978, Jun Average, France, FRA
57.6502, 1978, Jul Average, France, FRA
41.6373, 1978, Aug Average, France, FRA
36.5835, 1978, Sep Average, France, FRA
18.9399, 1978, Oct Average, France, FRA
15.5946, 1978, Nov Average, France, FRA
121.825, 1978, Dec Average, France, FRA
98.0128, 1979, Jan Average, France, FRA
93.5002, 1979, Feb Average, France, FRA
116.132, 1979, Mar Average, France, FRA
73.1114, 1979, Apr Average, France, FRA
85.7219, 1979, May Average, France, FRA
56.4388, 1979, Jun Average, France, FRA
31.4965, 1979, Jul Average, France, FRA
71.6533, 1979, Aug Average, France, FRA
37.471, 1979, Sep Average, France, FRA
138.726, 1979, Oct Average, France, FRA
66.0315, 1979, Nov Average, France, FRA
117.663, 1979, Dec Average, France, FRA
70.4335, 1980, Jan Average, France, FRA
57.0003, 1980, Feb Average, France, FRA
92.1928, 1980, Mar Average, France, FRA
31.2829, 1980, Apr Average, France, FRA
86.6682, 1980, May Average, France, FRA
84.2666, 1980, Jun Average, France, FRA
81.3219, 1980, Jul Average, France, FRA
56.1609, 1980, Aug Average, France, FRA
49.3691, 1980, Sep Average, France, FRA
94.6103, 1980, Oct Average, France, FRA
68.4283, 1980, Nov Average, France, FRA
65.9348, 1980, Dec Average, France, FRA
76.3021, 1981, Jan Average, France, FRA
44.8524, 1981, Feb Average, France, FRA
90.9581, 1981, Mar Average, France, FRA
42.5277, 1981, Apr Average, France, FRA
116.411, 1981, May Average, France, FRA
81.8204, 1981, Jun Average, France, FRA
70.1016, 1981, Jul Average, France, FRA
36.0567, 1981, Aug Average, France, FRA
93.2977, 1981, Sep Average, France, FRA
120.433, 1981, Oct Average, France, FRA
32.1889, 1981, Nov Average, France, FRA
154.909, 1981, Dec Average, France, FRA
80.9438, 1982, Jan Average, France, FRA
40.8014, 1982, Feb Average, France, FRA
68.3422, 1982, Mar Average, France, FRA
21.3089, 1982, Apr Average, France, FRA
57.0535, 1982, May Average, France, FRA
87.3749, 1982, Jun Average, France, FRA
68.8471, 1982, Jul Average, France, FRA
67.2853, 1982, Aug Average, France, FRA
70.9282, 1982, Sep Average, France, FRA
128.839, 1982, Oct Average, France, FRA
102.045, 1982, Nov Average, France, FRA
116.671, 1982, Dec Average, France, FRA
41.8746, 1983, Jan Average, France, FRA
71.0555, 1983, Feb Average, France, FRA
58.3233, 1983, Mar Average, France, FRA
127.032, 1983, Apr Average, France, FRA
122.454, 1983, May Average, France, FRA
56.6871, 1983, Jun Average, France, FRA
40.4284, 1983, Jul Average, France, FRA
80.4926, 1983, Aug Average, France, FRA
60.1054, 1983, Sep Average, France, FRA
56.7666, 1983, Oct Average, France, FRA
49.1858, 1983, Nov Average, France, FRA
61.6365, 1983, Dec Average, France, FRA
115.278, 1984, Jan Average, France, FRA
58.7107, 1984, Feb Average, France, FRA
63.1204, 1984, Mar Average, France, FRA
20.9813, 1984, Apr Average, France, FRA
131.024, 1984, May Average, France, FRA
52.8076, 1984, Jun Average, France, FRA
32.1042, 1984, Jul Average, France, FRA
63.7497, 1984, Aug Average, France, FRA
104.714, 1984, Sep Average, France, FRA
88.5059, 1984, Oct Average, France, FRA
115.217, 1984, Nov Average, France, FRA
65.787, 1984, Dec Average, France, FRA
58.7584, 1985, Jan Average, France, FRA
46.2021, 1985, Feb Average, France, FRA
79.6759, 1985, Mar Average, France, FRA
66.0976, 1985, Apr Average, France, FRA
116.726, 1985, May Average, France, FRA
73.9632, 1985, Jun Average, France, FRA
47.613, 1985, Jul Average, France, FRA
52.0987, 1985, Aug Average, France, FRA
17.1957, 1985, Sep Average, France, FRA
27.1027, 1985, Oct Average, France, FRA
62.7494, 1985, Nov Average, France, FRA
65.119, 1985, Dec Average, France, FRA
116.521, 1986, Jan Average, France, FRA
57.9155, 1986, Feb Average, France, FRA
70.7251, 1986, Mar Average, France, FRA
119.195, 1986, Apr Average, France, FRA
68.9135, 1986, May Average, France, FRA
43.9378, 1986, Jun Average, France, FRA
32.7462, 1986, Jul Average, France, FRA
66.7397, 1986, Aug Average, France, FRA
79.7306, 1986, Sep Average, France, FRA
75.3607, 1986, Oct Average, France, FRA
57.0012, 1986, Nov Average, France, FRA
81.2745, 1986, Dec Average, France, FRA
45.8177, 1987, Jan Average, France, FRA
64.2862, 1987, Feb Average, France, FRA
58.4978, 1987, Mar Average, France, FRA
53.3855, 1987, Apr Average, France, FRA
67.5225, 1987, May Average, France, FRA
104.93, 1987, Jun Average, France, FRA
97.2814, 1987, Jul Average, France, FRA
63.3667, 1987, Aug Average, France, FRA
57.3423, 1987, Sep Average, France, FRA
145.226, 1987, Oct Average, France, FRA
76.5531, 1987, Nov Average, France, FRA
58.6614, 1987, Dec Average, France, FRA
134.667, 1988, Jan Average, France, FRA
77.2053, 1988, Feb Average, France, FRA
99.6955, 1988, Mar Average, France, FRA
70.9405, 1988, Apr Average, France, FRA
115.714, 1988, May Average, France, FRA
65.896, 1988, Jun Average, France, FRA
73.4452, 1988, Jul Average, France, FRA
40.4483, 1988, Aug Average, France, FRA
56.7342, 1988, Sep Average, France, FRA
95.3963, 1988, Oct Average, France, FRA
40.4364, 1988, Nov Average, France, FRA
50.7491, 1988, Dec Average, France, FRA
26.2198, 1989, Jan Average, France, FRA
63.6967, 1989, Feb Average, France, FRA
54.287, 1989, Mar Average, France, FRA
133.568, 1989, Apr Average, France, FRA
31.1279, 1989, May Average, France, FRA
36.6623, 1989, Jun Average, France, FRA
48.2101, 1989, Jul Average, France, FRA
44.4376, 1989, Aug Average, France, FRA
43.1093, 1989, Sep Average, France, FRA
42.7427, 1989, Oct Average, France, FRA
64.5501, 1989, Nov Average, France, FRA
76.9057, 1989, Dec Average, France, FRA
54.3633, 1990, Jan Average, France, FRA
100.38, 1990, Feb Average, France, FRA
15.8901, 1990, Mar Average, France, FRA
72.2093, 1990, Apr Average, France, FRA
54.1551, 1990, May Average, France, FRA
78.9854, 1990, Jun Average, France, FRA
32.5378, 1990, Jul Average, France, FRA
42.4062, 1990, Aug Average, France, FRA
44.9772, 1990, Sep Average, France, FRA
117.421, 1990, Oct Average, France, FRA
76.1265, 1990, Nov Average, France, FRA
75.0977, 1990, Dec Average, France, FRA
55.856, 1991, Jan Average, France, FRA
37.6039, 1991, Feb Average, France, FRA
76.209, 1991, Mar Average, France, FRA
50.321, 1991, Apr Average, France, FRA
36.3691, 1991, May Average, France, FRA
69.6719, 1991, Jun Average, France, FRA
56.495, 1991, Jul Average, France, FRA
25.3255, 1991, Aug Average, France, FRA
97.2219, 1991, Sep Average, France, FRA
77.1235, 1991, Oct Average, France, FRA
92.0291, 1991, Nov Average, France, FRA
35.3224, 1991, Dec Average, France, FRA
28.5376, 1992, Jan Average, France, FRA
34.0157, 1992, Feb Average, France, FRA
59.3621, 1992, Mar Average, France, FRA
55.2602, 1992, Apr Average, France, FRA
64.2209, 1992, May Average, France, FRA
109.801, 1992, Jun Average, France, FRA
67.431, 1992, Jul Average, France, FRA
89.5658, 1992, Aug Average, France, FRA
69.1763, 1992, Sep Average, France, FRA
123.215, 1992, Oct Average, France, FRA
103.178, 1992, Nov Average, France, FRA
70.8559, 1992, Dec Average, France, FRA
42.6855, 1993, Jan Average, France, FRA
17.3965, 1993, Feb Average, France, FRA
20.345, 1993, Mar Average, France, FRA
104.995, 1993, Apr Average, France, FRA
77.9192, 1993, May Average, France, FRA
86.6152, 1993, Jun Average, France, FRA
63.3686, 1993, Jul Average, France, FRA
41.641, 1993, Aug Average, France, FRA
157.384, 1993, Sep Average, France, FRA
119.675, 1993, Oct Average, France, FRA
44.7586, 1993, Nov Average, France, FRA
114.768, 1993, Dec Average, France, FRA
105.368, 1994, Jan Average, France, FRA
85.8265, 1994, Feb Average, France, FRA
34.522, 1994, Mar Average, France, FRA
88.54, 1994, Apr Average, France, FRA
92.7677, 1994, May Average, France, FRA
61.2597, 1994, Jun Average, France, FRA
51.1653, 1994, Jul Average, France, FRA
58.1945, 1994, Aug Average, France, FRA
148.012, 1994, Sep Average, France, FRA
81.5849, 1994, Oct Average, France, FRA
74.8861, 1994, Nov Average, France, FRA
73.4066, 1994, Dec Average, France, FRA
119.087, 1995, Jan Average, France, FRA
91.8989, 1995, Feb Average, France, FRA
71.8115, 1995, Mar Average, France, FRA
65.1319, 1995, Apr Average, France, FRA
83.6108, 1995, May Average, France, FRA
28.9311, 1995, Jun Average, France, FRA
55.1727, 1995, Jul Average, France, FRA
48.525, 1995, Aug Average, France, FRA
107.371, 1995, Sep Average, France, FRA
43.0465, 1995, Oct Average, France, FRA
59.4605, 1995, Nov Average, France, FRA
99.9073, 1995, Dec Average, France, FRA
81.9973, 1996, Jan Average, France, FRA
72.8591, 1996, Feb Average, France, FRA
37.0307, 1996, Mar Average, France, FRA
40.6357, 1996, Apr Average, France, FRA
83.6875, 1996, May Average, France, FRA
39.1187, 1996, Jun Average, France, FRA
62.2532, 1996, Jul Average, France, FRA
80.299, 1996, Aug Average, France, FRA
55.4159, 1996, Sep Average, France, FRA
55.2818, 1996, Oct Average, France, FRA
158.744, 1996, Nov Average, France, FRA
81.138, 1996, Dec Average, France, FRA
56.6295, 1997, Jan Average, France, FRA
62.0508, 1997, Feb Average, France, FRA
11.7778, 1997, Mar Average, France, FRA
25.7382, 1997, Apr Average, France, FRA
87.4732, 1997, May Average, France, FRA
126.183, 1997, Jun Average, France, FRA
54.5362, 1997, Jul Average, France, FRA
77.3294, 1997, Aug Average, France, FRA
23.173, 1997, Sep Average, France, FRA
55.1717, 1997, Oct Average, France, FRA
113.912, 1997, Nov Average, France, FRA
99.0871, 1997, Dec Average, France, FRA
82.9989, 1998, Jan Average, France, FRA
18.1291, 1998, Feb Average, France, FRA
33.9601, 1998, Mar Average, France, FRA
144.53, 1998, Apr Average, France, FRA
49.7803, 1998, May Average, France, FRA
55.4818, 1998, Jun Average, France, FRA
44.1814, 1998, Jul Average, France, FRA
35.2551, 1998, Aug Average, France, FRA
117.924, 1998, Sep Average, France, FRA
108.646, 1998, Oct Average, France, FRA
55.955, 1998, Nov Average, France, FRA
65.399, 1998, Dec Average, France, FRA
84.9245, 1999, Jan Average, France, FRA
62.339, 1999, Feb Average, France, FRA
63.089, 1999, Mar Average, France, FRA
85.2084, 1999, Apr Average, France, FRA
81.9647, 1999, May Average, France, FRA
58.9442, 1999, Jun Average, France, FRA
56.6183, 1999, Jul Average, France, FRA
73.5501, 1999, Aug Average, France, FRA
122.186, 1999, Sep Average, France, FRA
90.1811, 1999, Oct Average, France, FRA
76.3416, 1999, Nov Average, France, FRA
132.722, 1999, Dec Average, France, FRA
23.8885, 2000, Jan Average, France, FRA
68.289, 2000, Feb Average, France, FRA
45.7922, 2000, Mar Average, France, FRA
100.744, 2000, Apr Average, France, FRA
79.4951, 2000, May Average, France, FRA
56.6932, 2000, Jun Average, France, FRA
102.381, 2000, Jul Average, France, FRA
54.0106, 2000, Aug Average, France, FRA
68.405, 2000, Sep Average, France, FRA
129.85, 2000, Oct Average, France, FRA
140.279, 2000, Nov Average, France, FRA
86.4602, 2000, Dec Average, France, FRA
102.37, 2001, Jan Average, France, FRA
45.4411, 2001, Feb Average, France, FRA
138.153, 2001, Mar Average, France, FRA
93.2941, 2001, Apr Average, France, FRA
60.567, 2001, May Average, France, FRA
47.1829, 2001, Jun Average, France, FRA
100.933, 2001, Jul Average, France, FRA
57.9225, 2001, Aug Average, France, FRA
74.7067, 2001, Sep Average, France, FRA
85.5609, 2001, Oct Average, France, FRA
54.4008, 2001, Nov Average, France, FRA
37.3755, 2001, Dec Average, France, FRA
38.8329, 2002, Jan Average, France, FRA
84.8897, 2002, Feb Average, France, FRA
50.2182, 2002, Mar Average, France, FRA
37.417, 2002, Apr Average, France, FRA
106.939, 2002, May Average, France, FRA
64.9043, 2002, Jun Average, France, FRA
72.0217, 2002, Jul Average, France, FRA
92.5564, 2002, Aug Average, France, FRA
62.2645, 2002, Sep Average, France, FRA
93.6351, 2002, Oct Average, France, FRA
145.107, 2002, Nov Average, France, FRA
91.0155, 2002, Dec Average, France, FRA
77.0904, 2003, Jan Average, France, FRA
41.5359, 2003, Feb Average, France, FRA
28.5818, 2003, Mar Average, France, FRA
49.968, 2003, Apr Average, France, FRA
61.4901, 2003, May Average, France, FRA
46.8612, 2003, Jun Average, France, FRA
48.3668, 2003, Jul Average, France, FRA
41.0958, 2003, Aug Average, France, FRA
51.6961, 2003, Sep Average, France, FRA
105.836, 2003, Oct Average, France, FRA
83.2599, 2003, Nov Average, France, FRA
81.7469, 2003, Dec Average, France, FRA
119.796, 2004, Jan Average, France, FRA
36.1976, 2004, Feb Average, France, FRA
48.167, 2004, Mar Average, France, FRA
69.7175, 2004, Apr Average, France, FRA
54.3706, 2004, May Average, France, FRA
30.0823, 2004, Jun Average, France, FRA
56.3269, 2004, Jul Average, France, FRA
109.928, 2004, Aug Average, France, FRA
30.6159, 2004, Sep Average, France, FRA
124.534, 2004, Oct Average, France, FRA
44.2436, 2004, Nov Average, France, FRA
63.8482, 2004, Dec Average, France, FRA
41.4968, 2005, Jan Average, France, FRA
36.7973, 2005, Feb Average, France, FRA
40.0597, 2005, Mar Average, France, FRA
90.8379, 2005, Apr Average, France, FRA
62.5767, 2005, May Average, France, FRA
43.9428, 2005, Jun Average, France, FRA
52.5571, 2005, Jul Average, France, FRA
42.794, 2005, Aug Average, France, FRA
60.7114, 2005, Sep Average, France, FRA
73.4677, 2005, Oct Average, France, FRA
69.8714, 2005, Nov Average, France, FRA
58.8872, 2005, Dec Average, France, FRA
49.996, 2006, Jan Average, France, FRA
54.6431, 2006, Feb Average, France, FRA
107.285, 2006, Mar Average, France, FRA
45.0111, 2006, Apr Average, France, FRA
79.3294, 2006, May Average, France, FRA
33.91, 2006, Jun Average, France, FRA
58.8252, 2006, Jul Average, France, FRA
85.4838, 2006, Aug Average, France, FRA
88.2271, 2006, Sep Average, France, FRA
81.8893, 2006, Oct Average, France, FRA
67.3187, 2006, Nov Average, France, FRA
68.5356, 2006, Dec Average, France, FRA
55.2612, 2007, Jan Average, France, FRA
84.3801, 2007, Feb Average, France, FRA
71.6069, 2007, Mar Average, France, FRA
34.1579, 2007, Apr Average, France, FRA
121.299, 2007, May Average, France, FRA
98.0597, 2007, Jun Average, France, FRA
81.9787, 2007, Jul Average, France, FRA
90.0395, 2007, Aug Average, France, FRA
43.2951, 2007, Sep Average, France, FRA
38.2204, 2007, Oct Average, France, FRA
57.4731, 2007, Nov Average, France, FRA
60.8331, 2007, Dec Average, France, FRA
80.6551, 2008, Jan Average, France, FRA
36.4331, 2008, Feb Average, France, FRA
82.8672, 2008, Mar Average, France, FRA
92.1459, 2008, Apr Average, France, FRA
105.785, 2008, May Average, France, FRA
63.9193, 2008, Jun Average, France, FRA
66.3293, 2008, Jul Average, France, FRA
75.8361, 2008, Aug Average, France, FRA
71.5124, 2008, Sep Average, France, FRA
96.3819, 2008, Oct Average, France, FRA
87.9717, 2008, Nov Average, France, FRA
73.7373, 2008, Dec Average, France, FRA
71.5613, 2009, Jan Average, France, FRA
53.9887, 2009, Feb Average, France, FRA
44.6546, 2009, Mar Average, France, FRA
84.8981, 2009, Apr Average, France, FRA
56.2537, 2009, May Average, France, FRA
75.7315, 2009, Jun Average, France, FRA
60.0363, 2009, Jul Average, France, FRA
36.2606, 2009, Aug Average, France, FRA
47.6264, 2009, Sep Average, France, FRA
53.806, 2009, Oct Average, France, FRA
109.689, 2009, Nov Average, France, FRA
103.608, 2009, Dec Average, France, FRA
60.0113, 2010, Jan Average, France, FRA
73.9496, 2010, Feb Average, France, FRA
63.2978, 2010, Mar Average, France, FRA
30.7474, 2010, Apr Average, France, FRA
78.0232, 2010, May Average, France, FRA
83.6204, 2010, Jun Average, France, FRA
45.0797, 2010, Jul Average, France, FRA
65.7436, 2010, Aug Average, France, FRA
68.2517, 2010, Sep Average, France, FRA
77.3454, 2010, Oct Average, France, FRA
102.21, 2010, Nov Average, France, FRA
85.5314, 2010, Dec Average, France, FRA
49.848, 2011, Jan Average, France, FRA
41.3523, 2011, Feb Average, France, FRA
49.717, 2011, Mar Average, France, FRA
20.5333, 2011, Apr Average, France, FRA
34.4148, 2011, May Average, France, FRA
70.4635, 2011, Jun Average, France, FRA
93.6293, 2011, Jul Average, France, FRA
75.4671, 2011, Aug Average, France, FRA
44.9747, 2011, Sep Average, France, FRA
49.2172, 2011, Oct Average, France, FRA
63.5508, 2011, Nov Average, France, FRA
124.24, 2011, Dec Average, France, FRA
53.477, 2012, Jan Average, France, FRA
10.6334, 2012, Feb Average, France, FRA
26.4511, 2012, Mar Average, France, FRA
116.997, 2012, Apr Average, France, FRA
80.209, 2012, May Average, France, FRA
85.6464, 2012, Jun Average, France, FRA
66.9175, 2012, Jul Average, France, FRA
43.6431, 2012, Aug Average, France, FRA
64.9893, 2012, Sep Average, France, FRA
119.235, 2012, Oct Average, France, FRA
84.3606, 2012, Nov Average, France, FRA
111.859, 2012, Dec Average, France, FRA
75.5269, 2013, Jan Average, France, FRA
59.2424, 2013, Feb Average, France, FRA
83.2043, 2013, Mar Average, France, FRA
81.5973, 2013, Apr Average, France, FRA
118.117, 2013, May Average, France, FRA
62.6676, 2013, Jun Average, France, FRA
67.9771, 2013, Jul Average, France, FRA
44.2524, 2013, Aug Average, France, FRA
69.6693, 2013, Sep Average, France, FRA
96.9653, 2013, Oct Average, France, FRA
108.247, 2013, Nov Average, France, FRA
72.8908, 2013, Dec Average, France, FRA
108.802, 2014, Jan Average, France, FRA
99.0963, 2014, Feb Average, France, FRA
36.0784, 2014, Mar Average, France, FRA
49.1349, 2014, Apr Average, France, FRA
74.7569, 2014, May Average, France, FRA
56.2304, 2014, Jun Average, France, FRA
110.278, 2014, Jul Average, France, FRA
89.2108, 2014, Aug Average, France, FRA
44.3141, 2014, Sep Average, France, FRA
74.1295, 2014, Oct Average, France, FRA
122.586, 2014, Nov Average, France, FRA
56.676, 2014, Dec Average, France, FRA
78.1193, 2015, Jan Average, France, FRA
64.1797, 2015, Feb Average, France, FRA
52.6017, 2015, Mar Average, France, FRA
57.0098, 2015, Apr Average, France, FRA
51.2777, 2015, May Average, France, FRA
59.6698, 2015, Jun Average, France, FRA
30.2518, 2015, Jul Average, France, FRA
90.988, 2015, Aug Average, France, FRA
78.3018, 2015, Sep Average, France, FRA
55.8297, 2015, Oct Average, France, FRA
59.0931, 2015, Nov Average, France, FRA
24.0576, 2015, Dec Average, France, FRA
105.525, 2016, Jan Average, France, FRA
93.3024, 2016, Feb Average, France, FRA
73.1815, 2016, Mar Average, France, FRA
74.5945, 2016, Apr Average, France, FRA
106.787, 2016, May Average, France, FRA
86.6589, 2016, Jun Average, France, FRA
34.7662, 2016, Jul Average, France, FRA
24.9382, 2016, Aug Average, France, FRA
39.8369, 2016, Sep Average, France, FRA
61.658, 2016, Oct Average, France, FRA
95.7876, 2016, Nov Average, France, FRA
18.733, 2016, Dec Average, France, FRA
